index,month,day,TIME,TOTAL_FP_IDEX,clustering,score
566,4,5,4,-0.6313218735190228,12,1.0
380,3,8,3,-0.5972127270422999,12,1.0
1282,9,6,0,-0.591869612344562,12,1.0
381,3,8,4,-0.5642616148788139,12,1.0
729,5,4,2,-0.5572451298337582,12,1.0
1272,9,3,0,-0.5507163336555497,12,1.0
717,5,1,4,-0.5487526174931127,12,1.0
871,6,2,3,-0.5474314548561305,12,1.0
343,3,3,5,-0.5467674103084568,12,1.0
1419,10,1,0,-0.5466913644345414,12,1.0
730,5,4,3,-0.5328860001883384,12,1.0
365,3,6,2,-0.5315641396819026,12,1.0
30,1,7,0,-0.5284525668078345,12,1.0
413,3,12,5,-0.5277192700178289,12,1.0
867,6,1,4,-0.5263462482977292,12,1.0
16,1,4,2,-0.5259545972436728,12,1.0
372,3,7,2,-0.5256052449141995,12,1.0
333,3,2,2,-0.5251476106745788,12,1.0
341,3,3,2,-0.524596386785654,12,1.0
357,3,5,3,-0.5245402068907542,12,1.0
355,3,5,0,-0.5231473204320616,12,1.0
565,4,5,2,-0.5216862453109127,12,1.0
1629,11,15,2,-0.5196011789717944,12,1.0
367,3,6,4,-0.5178034789457404,12,1.0
872,6,2,4,-0.5166969691915813,12,1.0
477,3,22,5,-0.5160653455490655,12,1.0
350,3,4,4,-0.5150673912845344,12,1.0
589,4,9,5,-0.514118722493307,12,1.0
798,5,17,5,-0.5120652040134991,12,1.0
334,3,2,4,-0.5118117497366593,12,1.0
404,3,11,2,-0.5105359482997237,12,1.0
725,5,3,0,-0.5098221135318799,12,1.0
1265,9,1,0,-0.5092517586588485,12,1.0
870,6,2,2,-0.508262141144291,12,1.0
1624,11,14,0,-0.5078926024756497,12,1.0
797,5,17,3,-0.5062306609262649,12,1.0
757,5,10,6,-0.5048323733021377,12,1.0
1135,8,1,1,-0.5023933278681948,12,1.0
869,6,2,1,-0.5019879010255826,12,1.0
366,3,6,3,-0.49912761882670464,12,1.0
1137,8,1,3,-0.4979375626298172,12,1.0
1592,11,8,5,-0.49690753113746805,12,1.0
21,1,5,4,-0.49656154176600703,12,1.0
1371,9,20,0,-0.49575930561650394,12,1.0
731,5,4,5,-0.4956006889864333,12,1.0
20,1,5,3,-0.49543418228480207,12,1.0
423,3,13,4,-0.4944958592267084,12,1.0
15,1,4,0,-0.49351215533513243,12,1.0
525,3,29,4,-0.4924963209138123,12,1.0
379,3,8,2,-0.492043499745382,12,1.0
453,3,18,0,-0.4905071000604632,12,1.0
405,3,11,3,-0.49018560179998966,12,1.0
449,3,17,4,-0.4882223138413562,12,1.0
1552,11,2,0,-0.48799622233588774,12,1.0
9,1,3,3,-0.4871862346729714,12,1.0
386,3,9,0,-0.48718024344887223,12,1.0
1545,11,1,2,-0.48643277934539,12,1.0
419,3,13,0,-0.4855768807335713,12,1.0
639,4,19,4,-0.4847076374206963,12,1.0
638,4,19,3,-0.4843989230942829,12,1.0
736,5,5,5,-0.4841448024440228,12,1.0
447,3,17,0,-0.48389496946159183,0,2.0
728,5,4,0,-0.48330447733694626,0,2.0
739,5,6,5,-0.48308903349395893,0,2.0
444,3,16,0,-0.4827716793371269,0,2.0
866,6,1,3,-0.4823106716813008,0,2.0
543,4,2,4,-0.48189641928726673,0,2.0
537,4,1,4,-0.48078196968834486,0,2.0
633,4,18,4,-0.4806449469351827,0,2.0
583,4,8,4,-0.47903590805055657,0,2.0
382,3,8,5,-0.47890447526361035,0,2.0
550,4,3,2,-0.47824932013127053,0,2.0
1546,11,1,3,-0.4776297125263761,0,2.0
1283,9,6,2,-0.4771390032005197,0,2.0
395,3,10,5,-0.4767296632626293,0,2.0
10,1,3,4,-0.47665389734364966,0,2.0
422,3,13,3,-0.476370918173579,0,2.0
1639,11,17,4,-0.4746122864583916,0,2.0
805,5,18,2,-0.47438465525217816,0,2.0
777,5,14,4,-0.47377783014455765,0,2.0
1426,10,3,5,-0.47316461525862286,0,2.0
845,5,27,2,-0.47314277338953176,0,2.0
5,1,2,2,-0.473009427301189,0,2.0
388,3,9,2,-0.473004121045003,0,2.0
1724,12,1,3,-0.47284392842148687,0,2.0
358,3,5,4,-0.4726902292362207,0,2.0
6,1,2,3,-0.471951255159043,0,2.0
609,4,14,3,-0.4718524443708562,0,2.0
1334,9,13,5,-0.4709709167318393,0,2.0
1655,11,20,0,-0.4701927204365662,0,2.0
1455,10,11,4,-0.46979686729120523,0,2.0
719,5,2,1,-0.4695153657364572,0,2.0
342,3,3,3,-0.46945235266947577,0,2.0
1425,10,3,3,-0.46918413857992874,0,2.0
359,3,5,5,-0.468428488156677,0,2.0
1606,11,10,4,-0.46795689932296985,0,2.0
1598,11,9,0,-0.4676790989598384,0,2.0
1637,11,17,0,-0.4672363456450519,0,2.0
825,5,22,2,-0.46649701175499175,0,2.0
928,6,14,3,-0.4662181968816884,0,2.0
601,4,12,2,-0.4658009919363615,0,2.0
542,4,2,2,-0.46569862042152294,0,2.0
431,3,14,5,-0.46515902750227545,0,2.0
1473,10,16,3,-0.46455343130173554,0,2.0
421,3,13,2,-0.4641053531437106,0,2.0
208,2,7,4,-0.4636111666194376,0,2.0
1630,11,15,5,-0.46237680874566245,0,2.0
387,3,9,1,-0.462115912207299,0,2.0
1564,11,4,0,-0.4620507701423305,0,2.0
796,5,17,1,-0.4615101879686822,0,2.0
1772,12,8,0,-0.4613249499439612,0,2.0
763,5,12,2,-0.46125658017835774,0,2.0
1421,10,2,4,-0.4611707246843311,0,2.0
1325,9,12,3,-0.4611640888803629,0,2.0
1087,7,19,6,-0.4609372995959788,0,2.0
368,3,6,5,-0.46049087307857256,0,2.0
411,3,12,1,-0.46030575619695674,0,2.0
1452,10,10,5,-0.46023177047426783,0,2.0
582,4,8,3,-0.46002029350218593,0,2.0
511,3,27,5,-0.4598023385031613,0,2.0
335,3,2,5,-0.4594836540082896,0,2.0
250,2,15,5,-0.4592271975384578,0,2.0
544,4,2,5,-0.4587425371481797,0,2.0
403,3,11,0,-0.4583499187485687,0,2.0
588,4,9,4,-0.45357525604120796,0,2.0
430,3,14,3,-0.45344624171083964,0,2.0
1432,10,6,0,-0.452914061965122,0,2.0
1319,9,11,5,-0.4528836413063433,0,2.0
1757,12,6,5,-0.4528196613470689,0,2.0
880,6,4,0,-0.45218809060315385,0,2.0
476,3,22,4,-0.45169968038412195,0,2.0
1424,10,3,1,-0.450746827049253,0,2.0
1280,9,5,1,-0.450390259529816,0,2.0
755,5,10,3,-0.4499697320836039,0,2.0
1086,7,19,5,-0.44995389614973724,0,2.0
1762,12,7,0,-0.4491645565242023,0,2.0
420,3,13,1,-0.4491109298380836,0,2.0
691,4,26,3,-0.44792546652250204,0,2.0
349,3,4,1,-0.4477681221729978,0,2.0
412,3,12,3,-0.4476376725857589,0,2.0
1372,9,20,4,-0.44758330088826176,0,2.0
873,6,2,5,-0.44756341930410815,0,2.0
776,5,14,3,-0.4473557829414765,0,2.0
814,5,20,2,-0.44724508850531675,0,2.0
1118,7,26,5,-0.44708930112679995,0,2.0
536,4,1,1,-0.44660596991720214,0,2.0
640,4,19,5,-0.44580955934224037,0,2.0
1144,8,4,1,-0.4452073148548365,0,2.0
518,3,28,5,-0.44520330210296627,0,2.0
11,1,3,5,-0.4444848380565813,0,2.0
1662,11,21,0,-0.44417165029691774,0,2.0
626,4,17,4,-0.44321099441356226,0,2.0
746,5,8,4,-0.4425602890416443,0,2.0
1136,8,1,2,-0.4422525462167331,0,2.0
1150,8,5,5,-0.44202120619010093,0,2.0
498,3,25,2,-0.4419917354122736,0,2.0
1466,10,14,4,-0.44147203267762225,0,2.0
962,6,21,5,-0.4414621910663351,0,2.0
608,4,14,2,-0.44115453841454233,0,2.0
1266,9,1,5,-0.4411015920885838,0,2.0
424,3,13,5,-0.4409976864788134,0,2.0
356,3,5,1,-0.44098680267088786,0,2.0
759,5,11,2,-0.4407537023055932,0,2.0
1290,9,7,0,-0.44019214023252773,0,2.0
394,3,10,2,-0.43932622954858136,0,2.0
8,1,3,1,-0.4384090901710046,0,2.0
634,4,18,5,-0.43719121869454325,0,2.0
190,2,5,2,-0.43707113370579526,0,2.0
433,3,15,1,-0.43701762232062824,0,2.0
1780,12,9,2,-0.43692707282484816,0,2.0
790,5,16,3,-0.43650039642617267,0,2.0
1600,11,9,4,-0.43575623420382337,0,2.0
523,3,29,1,-0.435276141043093,0,2.0
594,4,10,5,-0.4351168494912514,0,2.0
1295,9,8,4,-0.43506379411321283,0,2.0
859,5,30,2,-0.434539852672818,0,2.0
1311,9,10,4,-0.43395917952925855,0,2.0
1352,9,17,0,-0.4338305120729882,0,2.0
1715,11,29,5,-0.433378626723465,0,2.0
1138,8,1,6,-0.43328933787775314,0,2.0
705,4,28,4,-0.433124133637031,0,2.0
620,4,16,0,-0.43267088726837216,0,2.0
830,5,23,0,-0.4324790769077506,0,2.0
448,3,17,2,-0.4322651367795794,0,2.0
434,3,15,5,-0.4317429147049895,0,2.0
1458,10,12,1,-0.43172545783851235,0,2.0
1559,11,3,5,-0.4315861927367389,0,2.0
200,2,6,5,-0.4310439601834886,0,2.0
772,5,13,0,-0.43101013883283457,0,2.0
1619,11,13,5,-0.4306865833600131,0,2.0
1756,12,6,4,-0.4305277247001004,0,2.0
836,5,25,3,-0.43020015122884947,0,2.0
576,4,7,0,-0.43013183909215413,0,2.0
475,3,22,1,-0.4299662487394053,0,2.0
558,4,4,2,-0.42977357417411693,0,2.0
1569,11,5,2,-0.4294230157720069,0,2.0
1212,8,20,4,-0.42933842828704655,0,2.0
551,4,3,5,-0.4285196791728967,14,3.0
824,5,22,0,-0.4279003495696456,14,3.0
882,6,4,4,-0.42780217144298543,14,3.0
509,3,27,3,-0.4272880850391925,14,3.0
1557,11,3,2,-0.42699337404769283,14,3.0
531,3,30,0,-0.42667408984810884,14,3.0
1605,11,10,3,-0.42648863549986993,14,3.0
502,3,26,0,-0.4262795623991983,14,3.0
587,4,9,3,-0.42626047187625465,14,3.0
586,4,9,2,-0.42605544294869935,14,3.0
748,5,9,4,-0.4252041538578114,14,3.0
1339,9,14,4,-0.42490611879061563,14,3.0
1142,8,3,3,-0.4245086151199995,14,3.0
1332,9,13,2,-0.4244193810370183,14,3.0
1178,8,12,0,-0.42405555034082276,14,3.0
690,4,26,2,-0.4235135015440653,14,3.0
1547,11,1,6,-0.42330398629242966,14,3.0
591,4,10,0,-0.4232636902478441,14,3.0
819,5,21,4,-0.42314806087152457,14,3.0
1570,11,5,3,-0.4225625483455099,14,3.0
1585,11,7,2,-0.42243597844537734,14,3.0
782,5,15,0,-0.422281576100643,14,3.0
467,3,20,2,-0.4221481493143911,14,3.0
1448,10,9,5,-0.4218376493641066,14,3.0
1453,10,10,6,-0.421485239186172,14,3.0
332,3,2,1,-0.4214008283932301,14,3.0
720,5,2,7,-0.42101627536602876,14,3.0
622,4,16,4,-0.4202337791241853,14,3.0
1704,11,28,0,-0.4199241328375443,14,3.0
454,3,18,4,-0.41976747465840325,14,3.0
789,5,16,2,-0.4197651979391393,14,3.0
221,2,10,5,-0.41970721505603914,14,3.0
1789,12,10,0,-0.41947029931153457,14,3.0
1281,9,5,3,-0.41920834267243917,14,3.0
1730,12,2,2,-0.41914956586204244,14,3.0
1745,12,4,5,-0.4189069213923204,14,3.0
1340,9,14,5,-0.41850358545686855,14,3.0
1755,12,6,1,-0.4182606438718794,14,3.0
841,5,26,3,-0.417982408170229,14,3.0
503,3,26,1,-0.41796255584200664,14,3.0
623,4,16,5,-0.4177677767440076,14,3.0
459,3,19,1,-0.41754948202873904,14,3.0
1607,11,10,5,-0.417221159284485,14,3.0
1463,10,13,5,-0.41691399156168435,14,3.0
1617,11,13,3,-0.4169043925135466,14,3.0
485,3,23,1,-0.41657158687103274,14,3.0
488,3,23,4,-0.4162786007335397,14,3.0
489,3,23,5,-0.41601990487192186,14,3.0
559,4,4,5,-0.41585698606442645,14,3.0
487,3,23,3,-0.4156765857534413,14,3.0
1645,11,18,3,-0.4156731611448788,14,3.0
775,5,14,1,-0.4153932459258262,14,3.0
808,5,19,0,-0.4149137407691473,14,3.0
532,3,30,5,-0.41471012936837437,14,3.0
486,3,23,2,-0.4146190500549417,14,3.0
445,3,16,4,-0.41441067520958996,14,3.0
1269,9,2,2,-0.4143645642931333,14,3.0
478,3,22,6,-0.4141680948790378,14,3.0
274,2,21,3,-0.4140950379462487,14,3.0
1116,7,26,3,-0.41359075358571534,14,3.0
1143,8,3,5,-0.41356729882927057,14,3.0
549,4,3,1,-0.4132639568271285,14,3.0
1422,10,2,6,-0.4130823633029615,14,3.0
17,1,4,3,-0.413064376828273,14,3.0
645,4,20,0,-0.41285468147882554,14,3.0
1300,9,9,4,-0.4127461891528723,14,3.0
570,4,6,3,-0.4123445446995665,14,3.0
1558,11,3,4,-0.41216409543759286,14,3.0
242,2,14,3,-0.4120359296798067,14,3.0
1514,10,25,3,-0.4120351684381229,14,3.0
1170,8,10,3,-0.4117596114630484,14,3.0
1843,12,19,4,-0.41148087446619747,14,3.0
613,4,15,0,-0.4113783630620666,14,3.0
1268,9,2,1,-0.4109562508815827,14,3.0
653,4,21,5,-0.4106850015878013,14,3.0
131,1,25,5,-0.41038304551291077,14,3.0
1451,10,10,2,-0.41031960409806667,14,3.0
860,5,30,3,-0.41020275502637554,14,3.0
592,4,10,1,-0.4101678376821525,14,3.0
510,3,27,4,-0.40965575292775486,14,3.0
460,3,19,3,-0.4095641754292962,14,3.0
436,3,15,7,-0.40955443953903176,14,3.0
764,5,12,5,-0.4093938455604006,14,3.0
810,5,19,3,-0.4092754225135318,14,3.0
1301,9,9,5,-0.40910933562855667,14,3.0
517,3,28,4,-0.4087991779712916,14,3.0
1117,7,26,4,-0.40870614698151897,14,3.0
1599,11,9,3,-0.40864485097398073,14,3.0
189,2,5,0,-0.4085163365846097,14,3.0
227,2,12,2,-0.4084720470128911,14,3.0
1273,9,3,3,-0.4084436451397441,14,3.0
1618,11,13,4,-0.4082690040199491,14,3.0
1646,11,18,4,-0.40823846327689134,14,3.0
1744,12,4,4,-0.4080155930417844,14,3.0
344,3,3,6,-0.40790174715874583,14,3.0
273,2,21,0,-0.40773134357428625,14,3.0
1635,11,16,5,-0.4076320238403877,14,3.0
378,3,8,1,-0.40740890143611425,14,3.0
621,4,16,2,-0.40740289887424075,14,3.0
791,5,16,4,-0.4071924056008612,14,3.0
815,5,20,5,-0.4067260047737988,14,3.0
524,3,29,3,-0.40581940805146444,14,3.0
637,4,19,2,-0.4057705788746804,14,3.0
295,2,24,0,-0.4057162562839598,14,3.0
1299,9,9,3,-0.4053336072386554,14,3.0
1737,12,3,5,-0.40518049884917984,14,3.0
1434,10,6,5,-0.4051019819687584,14,3.0
1625,11,14,2,-0.4040374008731833,14,3.0
1366,9,19,0,-0.40397382595210723,14,3.0
1333,9,13,3,-0.4038631091808189,14,3.0
1042,7,9,0,-0.40386125759405617,14,3.0
1493,10,21,4,-0.4036987164720879,14,3.0
556,4,4,0,-0.4029575925210214,14,3.0
406,3,11,5,-0.40271114119997087,14,3.0
754,5,10,0,-0.4025464524307764,14,3.0
1171,8,10,4,-0.40207387442217074,14,3.0
679,4,24,3,-0.40206116802105185,14,3.0
497,3,25,0,-0.4020373891169935,14,3.0
1459,10,12,2,-0.4019241654987574,14,3.0
1680,11,25,0,-0.4019150466801401,14,3.0
1505,10,23,3,-0.40142050552295244,14,3.0
1472,10,16,0,-0.40135640395909367,14,3.0
1047,7,10,0,-0.40093257442395386,14,3.0
1779,12,9,1,-0.40040007848278597,14,3.0
1360,9,18,0,-0.40025752366876405,14,3.0
253,2,16,1,-0.39993193623153006,14,3.0
505,3,26,4,-0.39964938579462156,14,3.0
1012,7,3,3,-0.39944098455113275,14,3.0
1634,11,16,4,-0.39929333632611597,14,3.0
1604,11,10,2,-0.3992665821718964,14,3.0
182,2,4,3,-0.39898819128678226,14,3.0
234,2,13,0,-0.39889342309576636,14,3.0
849,5,28,4,-0.39842500347589094,14,3.0
1324,9,12,1,-0.39829413853984963,14,3.0
1348,9,16,0,-0.39815716260150513,14,3.0
893,6,7,8,-0.3975384503983211,14,3.0
1566,11,4,5,-0.397104901556837,14,3.0
615,4,15,4,-0.39678300155577384,14,3.0
310,2,26,4,-0.3960278120395531,14,3.0
652,4,21,4,-0.3959904110496287,14,3.0
1223,8,23,2,-0.39568229704805624,14,3.0
1584,11,7,1,-0.3955489732424829,14,3.0
1640,11,17,5,-0.39552692022067926,14,3.0
1438,10,7,0,-0.39499581151650903,14,3.0
492,3,24,2,-0.3948210170577025,14,3.0
1650,11,19,2,-0.39470912208351827,14,3.0
650,4,21,2,-0.39465318228695023,14,3.0
1515,10,25,4,-0.39465308929054177,14,3.0
726,5,3,7,-0.3944183690442482,14,3.0
168,2,2,2,-0.3942881585347482,14,3.0
1773,12,8,2,-0.3942343273724787,14,3.0
732,5,4,6,-0.3938999836015669,14,3.0
269,2,20,3,-0.3938221398215462,14,3.0
432,3,14,6,-0.39367545835883344,14,3.0
1291,9,7,2,-0.3930472270300123,14,3.0
429,3,14,2,-0.39298354185558915,14,3.0
1824,12,16,0,-0.39280336950732603,14,3.0
826,5,22,3,-0.392801537264817,14,3.0
715,4,29,6,-0.3927337926200942,14,3.0
785,5,15,5,-0.39265387244799105,14,3.0
336,3,2,6,-0.3922597333721412,14,3.0
214,2,8,2,-0.39205615880346545,14,3.0
473,3,21,3,-0.3918829618028551,14,3.0
462,3,19,6,-0.39128437522674897,14,3.0
220,2,10,1,-0.39119140442300787,14,3.0
1632,11,16,2,-0.39112711423001756,14,3.0
783,5,15,2,-0.3909865178976704,14,3.0
383,3,8,6,-0.3909516500983041,14,3.0
130,1,25,2,-0.39078081972075607,14,3.0
756,5,10,5,-0.39074646745670216,14,3.0
61,1,13,3,-0.3902780654922282,14,3.0
1310,9,10,3,-0.38996375470799843,14,3.0
1284,9,6,6,-0.38961321381843883,14,3.0
1887,12,26,0,-0.3895767773103189,14,3.0
922,6,12,5,-0.3895254458154485,14,3.0
1609,11,11,1,-0.3893544328534695,14,3.0
876,6,3,1,-0.38901201410407144,14,3.0
1644,11,18,2,-0.3886952526262268,14,3.0
685,4,25,4,-0.38850015803557164,14,3.0
1510,10,24,0,-0.38844548553744496,14,3.0
468,3,20,4,-0.3882510980534028,14,3.0
1776,12,8,5,-0.38819534583512205,14,3.0
1317,9,11,1,-0.3880357645107102,14,3.0
58,1,12,5,-0.3871787888626484,14,3.0
209,2,7,5,-0.38706150475566176,14,3.0
1527,10,27,4,-0.3861209715908994,14,3.0
1806,12,13,3,-0.3860128665732558,14,3.0
593,4,10,4,-0.38594189088977515,14,3.0
713,4,29,4,-0.3856195982120662,14,3.0
1553,11,2,1,-0.38552770769589534,14,3.0
1085,7,19,4,-0.3853689188941185,14,3.0
207,2,7,3,-0.38475162978837746,14,3.0
1439,10,7,1,-0.3839016875403663,14,3.0
1089,7,21,0,-0.3838762628748319,14,3.0
1197,8,16,6,-0.38380912174435716,14,3.0
842,5,26,5,-0.38355345166643334,14,3.0
99,1,19,5,-0.38345250070111203,14,3.0
1565,11,4,2,-0.3830332012050958,14,3.0
91,1,18,4,-0.38263771072108005,4,4.0
898,6,8,0,-0.3816497712960885,4,4.0
455,3,18,5,-0.38159621252740544,4,4.0
557,4,4,1,-0.38154385905936994,4,4.0
461,3,19,4,-0.38151340831265773,4,4.0
1389,9,23,5,-0.3814917286018587,4,4.0
135,1,26,0,-0.3814674998593814,4,4.0
1165,8,9,2,-0.38120141186501716,4,4.0
1580,11,6,0,-0.3811634349483224,4,4.0
297,2,24,3,-0.3806714462380312,4,4.0
1492,10,21,2,-0.3802477671711198,4,4.0
698,4,27,5,-0.3801708945296287,4,4.0
668,4,23,1,-0.3801438138472484,4,4.0
1889,12,26,3,-0.38006601441400034,4,4.0
1257,8,30,0,-0.37970979707503677,4,4.0
784,5,15,4,-0.3792483784739919,4,4.0
671,4,23,5,-0.37877578304252985,4,4.0
18,1,4,8,-0.37844130476834337,4,4.0
840,5,26,2,-0.37803306472229575,4,4.0
493,3,24,3,-0.3778487466170141,4,4.0
1114,7,26,1,-0.3774873234299806,4,4.0
1520,10,26,3,-0.3774195556395566,4,4.0
1149,8,5,0,-0.37735716717707596,4,4.0
1750,12,5,3,-0.37729028488882643,4,4.0
1735,12,3,3,-0.37715386085573993,4,4.0
1764,12,7,5,-0.37698159147845917,4,4.0
1790,12,10,2,-0.37608681430562874,4,4.0
900,6,8,4,-0.37588347784856097,4,4.0
302,2,25,2,-0.37524886251870804,4,4.0
669,4,23,2,-0.3751663647501604,4,4.0
1516,10,25,6,-0.37508807846418135,4,4.0
1690,11,26,4,-0.37497564530758304,4,4.0
215,2,8,4,-0.3745946870045249,4,4.0
1775,12,8,4,-0.3745420715123871,4,4.0
1224,8,23,4,-0.3739108197422137,4,4.0
1626,11,14,6,-0.3731207970534118,4,4.0
1337,9,14,2,-0.3726783665160443,4,4.0
1743,12,4,2,-0.3725320714297974,4,4.0
1285,9,6,7,-0.37241391773615856,4,4.0
1013,7,3,4,-0.37229097686257856,4,4.0
90,1,18,3,-0.3718151646020345,4,4.0
1581,11,6,5,-0.37167237474808473,4,4.0
1526,10,27,1,-0.37147459599624416,4,4.0
1801,12,12,0,-0.3714170794925283,4,4.0
835,5,24,8,-0.3713028064835507,4,4.0
236,2,13,2,-0.3707565102463288,4,4.0
1795,12,11,1,-0.3706895052269286,4,4.0
1796,12,11,4,-0.37055356452928695,4,4.0
1664,11,21,4,-0.37047831075765475,4,4.0
1763,12,7,2,-0.370213669119964,4,4.0
138,1,26,5,-0.3692445754047746,4,4.0
281,2,22,2,-0.36899264343140076,4,4.0
678,4,24,2,-0.36841788880788057,4,4.0
1732,12,2,4,-0.3684129906821095,4,4.0
1259,8,30,5,-0.3683820523913705,4,4.0
1057,7,13,0,-0.3682149453665125,4,4.0
1774,12,8,3,-0.3679676273482888,4,4.0
661,4,22,4,-0.3678668780841667,4,4.0
833,5,24,6,-0.36765520151519615,4,4.0
1399,9,25,0,-0.367025822576078,4,4.0
1460,10,12,3,-0.3667602454999169,4,4.0
259,2,17,2,-0.36662112929109875,4,4.0
206,2,7,0,-0.36660614177243755,4,4.0
712,4,29,3,-0.3662562394465805,4,4.0
886,6,5,1,-0.36625584171954906,4,4.0
1446,10,9,1,-0.3661495309964382,4,4.0
714,4,29,5,-0.36613958124813933,4,4.0
1207,8,19,3,-0.36612201095860997,4,4.0
697,4,27,4,-0.3655437395628139,4,4.0
1055,7,12,6,-0.3654838991509193,4,4.0
1420,10,1,11,-0.3653372924154907,4,4.0
268,2,20,2,-0.36512260962232823,4,4.0
191,2,5,4,-0.3651043590149424,4,4.0
809,5,19,1,-0.3650840617308127,4,4.0
1184,8,13,0,-0.36488329230861544,4,4.0
1369,9,19,5,-0.3648794242946888,4,4.0
891,6,6,5,-0.3647772699806306,4,4.0
1667,11,22,4,-0.36441371351155377,4,4.0
319,2,29,4,-0.364075157305759,4,4.0
1393,9,24,0,-0.36365230863620085,4,4.0
1345,9,15,3,-0.36357690043182045,4,4.0
1335,9,13,7,-0.3634003280039475,4,4.0
243,2,14,4,-0.3631725574711668,4,4.0
237,2,13,3,-0.3631467601054972,4,4.0
35,1,8,5,-0.36266775872034795,4,4.0
228,2,12,3,-0.3626652720305397,4,4.0
861,5,30,6,-0.3624891335063696,4,4.0
494,3,24,5,-0.3624392079260899,4,4.0
1133,7,30,5,-0.3623836460939275,4,4.0
249,2,15,0,-0.3620600687571634,4,4.0
12,1,3,6,-0.36185642322783435,4,4.0
651,4,21,3,-0.36178530406188375,4,4.0
466,3,20,1,-0.3617366918521762,4,4.0
1555,11,2,4,-0.361652810769465,4,4.0
856,5,29,2,-0.3609335295689412,4,4.0
57,1,12,4,-0.36079248823914867,4,4.0
1384,9,22,5,-0.36029604037150564,4,4.0
1096,7,22,3,-0.359962969708096,4,4.0
799,5,17,6,-0.3590098881932707,4,4.0
1361,9,18,3,-0.358849243436013,4,4.0
217,2,9,4,-0.3580429768748489,4,4.0
1854,12,21,0,-0.3577768386619829,4,4.0
105,1,20,3,-0.3577313229295204,4,4.0
1246,8,27,4,-0.35764978237673856,4,4.0
139,1,26,6,-0.35756540165855955,4,4.0
1586,11,7,3,-0.3566706533464064,4,4.0
1814,12,14,2,-0.3565897598919011,4,4.0
813,5,20,1,-0.35620518834765325,4,4.0
22,1,5,7,-0.35613233453991533,4,4.0
1430,10,5,3,-0.3558349676271244,4,4.0
1736,12,3,4,-0.35579705380388815,4,4.0
183,2,4,4,-0.35549165577222774,4,4.0
1518,10,26,0,-0.3553828011863354,4,4.0
265,2,19,4,-0.35451483445178705,4,4.0
995,6,28,5,-0.3545032486499383,4,4.0
737,5,5,7,-0.3544491775493102,4,4.0
1018,7,4,1,-0.35419616886356065,4,4.0
1010,7,3,0,-0.3538654355735462,4,4.0
567,4,5,7,-0.35385612865444815,4,4.0
1723,12,1,1,-0.3537608254098482,4,4.0
1400,9,25,2,-0.35373938043380443,4,4.0
1433,10,6,4,-0.35368127848497577,4,4.0
696,4,27,3,-0.3536414411371933,4,4.0
718,5,1,7,-0.35344715814955907,4,4.0
254,2,16,5,-0.35340301127745105,4,4.0
1519,10,26,2,-0.3533097474510805,4,4.0
1807,12,13,5,-0.3532796429249856,4,4.0
1837,12,18,2,-0.3529963543095485,4,4.0
1376,9,21,0,-0.35297394392368536,4,4.0
745,5,8,2,-0.3528512075580599,4,4.0
1540,10,29,4,-0.35255956102515146,4,4.0
1791,12,10,4,-0.35240933933297003,4,4.0
1729,12,2,1,-0.35222229996666,4,4.0
1613,11,12,6,-0.3521732881091022,4,4.0
229,2,12,5,-0.3519702741247777,4,4.0
1229,8,24,3,-0.3506082691570999,4,4.0
1731,12,2,3,-0.350525312041442,4,4.0
1638,11,17,3,-0.35030943489871813,4,4.0
1447,10,9,4,-0.3499209360509462,4,4.0
1153,8,6,6,-0.34959953939571303,4,4.0
1696,11,27,4,-0.34943168520193985,4,4.0
1103,7,23,4,-0.34890956637170883,4,4.0
1318,9,11,4,-0.34888929330163676,4,4.0
199,2,6,3,-0.3485809666891411,4,4.0
1014,7,3,5,-0.34829308895585404,4,4.0
1616,11,13,2,-0.34740809184428845,4,4.0
92,1,18,5,-0.3473252728528862,4,4.0
435,3,15,6,-0.34714957352918696,4,4.0
1355,9,17,5,-0.3469313673286964,4,4.0
1841,12,19,2,-0.34674251570674125,4,4.0
508,3,27,1,-0.34641967536562107,4,4.0
1402,9,25,5,-0.34614583556633255,4,4.0
1194,8,15,4,-0.34612718550284055,4,4.0
1840,12,19,0,-0.34610177089231486,4,4.0
1802,12,12,2,-0.34543185793552356,4,4.0
660,4,22,3,-0.3451965498190923,4,4.0
318,2,29,3,-0.3449080199641626,4,4.0
1593,11,8,6,-0.3445305591713387,4,4.0
52,1,11,1,-0.3440411810259229,4,4.0
855,5,29,0,-0.3439203793997585,4,4.0
136,1,26,1,-0.3437137788641902,4,4.0
1633,11,16,3,-0.343374130721688,4,4.0
512,3,27,6,-0.34324773817806975,4,4.0
1004,7,2,4,-0.34320924465949076,4,4.0
1115,7,26,2,-0.3424433890053349,4,4.0
225,2,11,3,-0.34213990881349937,4,4.0
932,6,15,0,-0.34193078732866394,4,4.0
1025,7,5,4,-0.3411933936971713,4,4.0
760,5,11,5,-0.34100673892855754,4,4.0
1503,10,23,0,-0.3408852849480272,4,4.0
711,4,29,1,-0.34075872816892383,4,4.0
670,4,23,3,-0.34067344827815427,4,4.0
1416,9,29,4,-0.3405633821003338,4,4.0
1554,11,2,2,-0.34031711674005605,4,4.0
667,4,23,0,-0.340127542768586,4,4.0
1083,7,18,6,-0.3399402368649633,4,4.0
1238,8,26,0,-0.33967091757813894,4,4.0
1541,10,29,5,-0.33950399452514796,4,4.0
877,6,3,2,-0.33910342444195796,4,4.0
929,6,14,6,-0.33853178834358155,4,4.0
704,4,28,1,-0.33798661989760126,4,4.0
1293,9,8,2,-0.3374923466462262,4,4.0
1219,8,22,2,-0.33737095226516334,4,4.0
98,1,19,4,-0.33736095385178066,4,4.0
1474,10,16,4,-0.33731739073066114,4,4.0
1067,7,15,5,-0.3366929813776677,16,5.0
320,2,29,5,-0.3366331219970718,16,5.0
890,6,6,2,-0.33598622052583627,16,5.0
1354,9,17,4,-0.33592567874561646,16,5.0
504,3,26,2,-0.3352621481364608,16,5.0
1499,10,22,5,-0.33513704710944625,16,5.0
71,1,14,3,-0.3349606639082512,16,5.0
309,2,26,3,-0.3348538163519222,16,5.0
282,2,22,3,-0.33460026301655704,16,5.0
883,6,4,5,-0.33417824893049347,16,5.0
7,1,2,6,-0.33414071626941627,16,5.0
516,3,28,1,-0.33413451283434575,16,5.0
414,3,12,6,-0.3335300225965604,16,5.0
1378,9,21,4,-0.33316273307398936,16,5.0
84,1,16,3,-0.3329758329798073,16,5.0
351,3,4,7,-0.33273675596048796,16,5.0
1387,9,23,0,-0.3325660121185403,16,5.0
1199,8,17,2,-0.3325642762791321,16,5.0
1689,11,26,3,-0.3322567841835079,16,5.0
1294,9,8,3,-0.33217580473823,16,5.0
289,2,23,5,-0.33186089325140733,16,5.0
137,1,26,2,-0.33171297877305056,16,5.0
495,3,24,7,-0.33166675493358283,16,5.0
1132,7,30,2,-0.3313442738082304,16,5.0
301,2,25,0,-0.3312554872130678,16,5.0
1326,9,12,6,-0.3308651580663313,16,5.0
166,2,1,3,-0.33083558668103286,16,5.0
78,1,15,2,-0.330730981902279,16,5.0
614,4,15,1,-0.3306711007831262,16,5.0
1713,11,29,3,-0.3305257822086373,16,5.0
1242,8,26,5,-0.3305196657936092,16,5.0
389,3,9,6,-0.33025286806488213,16,5.0
1121,7,27,1,-0.3298346451256586,16,5.0
1758,12,6,6,-0.3295106385013557,16,5.0
0,1,1,8,-0.3283159311996496,16,5.0
1258,8,30,2,-0.3281007739201134,16,5.0
34,1,8,3,-0.32782794018150463,16,5.0
60,1,13,2,-0.3278139376587654,16,5.0
1253,8,29,3,-0.32719864766058904,16,5.0
888,6,5,5,-0.32690649457015125,16,5.0
1338,9,14,3,-0.3268813576786429,16,5.0
32,1,7,4,-0.3267662302895972,16,5.0
177,2,3,2,-0.325750242454237,16,5.0
1373,9,20,6,-0.3257039317563166,16,5.0
1908,12,29,0,-0.3256129296365509,16,5.0
1733,12,2,5,-0.32553877442375134,16,5.0
1895,12,27,4,-0.3253443588656194,16,5.0
1220,8,22,3,-0.3252086512364533,16,5.0
646,4,20,6,-0.32506744439352686,16,5.0
1475,10,16,5,-0.32504222867818294,16,5.0
1180,8,12,3,-0.3248913075040218,16,5.0
1181,8,12,4,-0.32454820407113083,16,5.0
1395,9,24,5,-0.3239200437334453,16,5.0
887,6,5,2,-0.32355148239656595,16,5.0
113,1,22,3,-0.3230880215139688,16,5.0
1000,7,1,3,-0.3230674457275976,16,5.0
1534,10,28,3,-0.32266071965385995,16,5.0
1676,11,24,3,-0.3219581690389746,16,5.0
1487,10,20,1,-0.32172435726031956,16,5.0
741,5,7,5,-0.32125448531345524,16,5.0
1873,12,24,0,-0.32118977107956176,16,5.0
1849,12,20,2,-0.3204701011102804,16,5.0
596,4,11,6,-0.3193188754907256,16,5.0
1535,10,28,4,-0.319116334687538,16,5.0
1803,12,12,4,-0.3189856957313664,16,5.0
167,2,1,7,-0.3188129113517234,16,5.0
1656,11,20,2,-0.3184867976750257,16,5.0
1842,12,19,3,-0.3170971344976914,16,5.0
1254,8,29,5,-0.31698025143936215,16,5.0
1185,8,13,2,-0.3159326752857365,16,5.0
1663,11,21,2,-0.3152085974385341,16,5.0
145,1,27,1,-0.3151726151941463,16,5.0
1035,7,8,1,-0.3149739635478423,16,5.0
132,1,25,7,-0.31492952446284994,16,5.0
1498,10,22,1,-0.31489065043597,16,5.0
972,6,24,2,-0.3148408166876164,16,5.0
1688,11,26,1,-0.3146300752218948,16,5.0
296,2,24,2,-0.3142665810501157,16,5.0
1203,8,18,5,-0.31393870818552333,16,5.0
627,4,17,6,-0.3139168422019914,16,5.0
140,1,26,7,-0.3139024423080045,16,5.0
706,4,28,6,-0.313655564305847,16,5.0
179,2,3,5,-0.3133969281697522,16,5.0
1781,12,9,3,-0.3133374492454301,16,5.0
1804,12,12,5,-0.3131817994082852,16,5.0
149,1,28,1,-0.31309279688756336,16,5.0
1374,9,20,7,-0.3126783121401556,16,5.0
1894,12,27,2,-0.3122672597452694,16,5.0
1336,9,14,1,-0.31214729653852064,16,5.0
314,2,27,0,-0.312114392695142,16,5.0
1245,8,27,1,-0.31185622570908356,16,5.0
45,1,9,4,-0.3117452288110093,16,5.0
79,1,15,3,-0.3117338939831376,16,5.0
1691,11,26,5,-0.31172212840084523,16,5.0
450,3,17,6,-0.3112989968583838,16,5.0
270,2,20,5,-0.31110040906237657,16,5.0
1346,9,15,5,-0.31102266610932533,16,5.0
1821,12,15,4,-0.31079669448893943,16,5.0
635,4,18,6,-0.31070316299408335,16,5.0
1819,12,15,1,-0.3103784023098503,16,5.0
993,6,28,1,-0.31005057048843043,16,5.0
538,4,1,6,-0.3096555586500251,16,5.0
624,4,16,6,-0.3095885759177601,16,5.0
1528,10,27,5,-0.3095732274407621,16,5.0
456,3,18,6,-0.30936690060809213,16,5.0
910,6,10,5,-0.3092770002827117,16,5.0
1377,9,21,2,-0.3088570181068421,16,5.0
1782,12,9,5,-0.3085498539996301,16,5.0
1533,10,28,2,-0.3083959020612071,16,5.0
303,2,25,4,-0.30797018855137703,16,5.0
1909,12,29,1,-0.3076189333878888,16,5.0
1021,7,4,7,-0.30747554108744,16,5.0
686,4,25,6,-0.30736411322636237,16,5.0
975,6,25,0,-0.30735765668022663,16,5.0
151,1,28,3,-0.30718431610366786,16,5.0
1160,8,8,2,-0.30692261694939404,16,5.0
226,2,11,4,-0.30688388396180666,16,5.0
1571,11,5,6,-0.3067338460845906,16,5.0
1749,12,5,1,-0.30626227567587255,16,5.0
1353,9,17,2,-0.3062360977793208,16,5.0
938,6,16,5,-0.30615520475290353,16,5.0
519,3,28,6,-0.305887215872187,16,5.0
317,2,29,2,-0.3057562083453948,16,5.0
1695,11,27,3,-0.3054482380332632,16,5.0
1440,10,7,4,-0.30526529138152547,16,5.0
184,2,4,5,-0.30524281285492183,16,5.0
1038,7,8,5,-0.3049434473254848,16,5.0
1808,12,13,6,-0.3047746573871419,16,5.0
1672,11,23,4,-0.30469220166131117,16,5.0
610,4,14,6,-0.3044860512117127,16,5.0
571,4,6,7,-0.304235976328776,16,5.0
1001,7,1,4,-0.3040075539300367,16,5.0
1131,7,30,0,-0.30397155172413964,16,5.0
1705,11,28,5,-0.30325208845605084,16,5.0
240,2,14,1,-0.3031391258760051,16,5.0
958,6,20,1,-0.30302501736494186,16,5.0
1494,10,21,5,-0.3030180459833776,16,5.0
1187,8,14,5,-0.3030142169568871,16,5.0
1714,11,29,4,-0.302770943982038,16,5.0
1797,12,11,6,-0.30253086528922846,16,5.0
1822,12,15,5,-0.30219507350316666,16,5.0
765,5,12,6,-0.3018043570576649,16,5.0
1240,8,26,3,-0.30178019962220076,16,5.0
1681,11,25,2,-0.3014910737419771,16,5.0
889,6,5,7,-0.301417236991237,16,5.0
1682,11,25,4,-0.30130026317174396,16,5.0
275,2,21,5,-0.30123425143864413,16,5.0
1092,7,21,5,-0.3008746082007871,16,5.0
834,5,24,7,-0.30052725750912684,16,5.0
1211,8,20,3,-0.30043583614874164,16,5.0
761,5,11,6,-0.3004145530738176,16,5.0
369,3,6,6,-0.2996287187911726,16,5.0
874,6,2,6,-0.29952211412608953,16,5.0
157,1,29,5,-0.29943525048145525,16,5.0
749,5,9,6,-0.2990800954711723,16,5.0
1572,11,5,7,-0.29894239709701564,16,5.0
1362,9,18,4,-0.2986749287382196,16,5.0
1109,7,25,1,-0.29854033330193536,16,5.0
1274,9,3,7,-0.2978806459239543,16,5.0
1302,9,9,6,-0.2978697602559991,16,5.0
1417,9,29,5,-0.2977612739487398,16,5.0
1126,7,29,5,-0.29748768081705523,16,5.0
390,3,9,7,-0.29720762437320375,16,5.0
1082,7,18,0,-0.29666379582965013,16,5.0
959,6,20,4,-0.29665321642973147,16,5.0
1677,11,24,6,-0.29595790961908924,16,5.0
1896,12,27,5,-0.2953080429599279,16,5.0
241,2,14,2,-0.29525217049219504,16,5.0
25,1,6,7,-0.2952400987304519,16,5.0
1169,8,10,2,-0.2951678024103535,16,5.0
905,6,9,4,-0.29511319013270854,16,5.0
605,4,13,6,-0.2950586553691851,16,5.0
837,5,25,6,-0.29497892452880875,16,5.0
1673,11,23,5,-0.2949609549529765,16,5.0
1036,7,8,2,-0.29495167694458085,16,5.0
1813,12,14,0,-0.29488591390745167,16,5.0
1091,7,21,3,-0.2945344927132337,16,5.0
415,3,12,7,-0.29424615518715574,16,5.0
1867,12,23,5,-0.29385972088484597,16,5.0
110,1,22,0,-0.2937118323376319,16,5.0
360,3,5,7,-0.293614488461863,16,5.0
1892,12,27,0,-0.29339580850985714,16,5.0
1064,7,14,2,-0.2924552044775239,9,6.0
178,2,3,4,-0.2921138761251899,9,6.0
937,6,16,3,-0.29207008917634264,9,6.0
298,2,24,5,-0.2918431009837913,9,6.0
915,6,11,4,-0.2917061453994285,9,6.0
62,1,13,4,-0.29165908218454634,9,6.0
83,1,16,1,-0.2912039509846692,9,6.0
1449,10,9,7,-0.29110782160868864,9,6.0
1037,7,8,3,-0.2909800322762284,9,6.0
1215,8,21,3,-0.29057970049862225,9,6.0
114,1,22,4,-0.29056843658737724,9,6.0
1078,7,17,5,-0.29054262887660637,9,6.0
235,2,13,1,-0.2904310542397947,9,6.0
53,1,11,3,-0.2903869666936901,9,6.0
1161,8,8,5,-0.29015391958144815,9,6.0
111,1,22,1,-0.29000544401932815,9,6.0
1044,7,9,2,-0.2899527522837549,9,6.0
687,4,25,7,-0.28993354405077487,9,6.0
192,2,5,6,-0.2897638902428446,9,6.0
1368,9,19,3,-0.2894703805338506,9,6.0
1910,12,29,3,-0.2891587415368285,9,6.0
125,1,24,0,-0.28901884886308243,9,6.0
930,6,14,8,-0.2887320317583999,9,6.0
176,2,3,1,-0.2868423193046796,9,6.0
1097,7,22,4,-0.2859102729029856,9,6.0
924,6,13,5,-0.28578549437536893,9,6.0
70,1,14,2,-0.285529715066624,9,6.0
947,6,18,0,-0.2849930599793317,9,6.0
1210,8,20,2,-0.2849853646346053,9,6.0
1020,7,4,6,-0.2849520904808315,9,6.0
1206,8,19,1,-0.2848790928358985,9,6.0
1857,12,21,4,-0.2848642938684713,9,6.0
1241,8,26,4,-0.28444189175122875,9,6.0
93,1,18,6,-0.28441444285483586,9,6.0
1239,8,26,1,-0.283731445879488,9,6.0
1071,7,16,4,-0.2830326876364826,9,6.0
1669,11,22,7,-0.28302286482637123,9,6.0
1479,10,17,3,-0.2826788416551987,9,6.0
288,2,23,1,-0.28216320538233275,9,6.0
1543,10,30,1,-0.2819830799942457,9,6.0
843,5,26,7,-0.28173917541195354,9,6.0
457,3,18,8,-0.28161378851483265,9,6.0
1671,11,23,3,-0.2810186369786959,9,6.0
994,6,28,4,-0.28058150817004435,9,6.0
526,3,29,8,-0.2805520325034181,9,6.0
964,6,22,0,-0.27977777408274696,9,6.0
662,4,22,6,-0.27949652019107607,9,6.0
1179,8,12,2,-0.27932275669694057,9,6.0
218,2,9,6,-0.2790648738440474,9,6.0
1401,9,25,3,-0.27904514326432656,9,6.0
1911,12,29,4,-0.2790277775903746,9,6.0
1193,8,15,3,-0.2783557493661403,9,6.0
1587,11,7,7,-0.278350487651456,9,6.0
560,4,4,7,-0.27833306696009846,9,6.0
792,5,16,6,-0.2780029120421153,9,6.0
1765,12,7,7,-0.2779493658179225,9,6.0
1396,9,24,6,-0.2775150121184815,9,6.0
311,2,26,5,-0.2769779298882851,9,6.0
1495,10,21,6,-0.27693535884386433,9,6.0
1213,8,20,5,-0.27660817502732965,9,6.0
1831,12,17,4,-0.2765027891703288,9,6.0
1192,8,15,2,-0.2761110648476014,9,6.0
1059,7,13,3,-0.2758859630510123,9,6.0
1876,12,24,4,-0.2758451682342122,9,6.0
150,1,28,2,-0.27568622768784906,9,6.0
1382,9,22,2,-0.27565632116837974,9,6.0
1865,12,23,3,-0.275388707439816,9,6.0
1125,7,29,2,-0.27518199411380306,9,6.0
1101,7,23,1,-0.27460731415005657,9,6.0
968,6,23,5,-0.27414076072900656,9,6.0
654,4,21,6,-0.27397153737314894,9,6.0
1235,8,25,2,-0.27350884240482365,9,6.0
1388,9,23,3,-0.27337116710290127,9,6.0
773,5,13,7,-0.2733096751530988,9,6.0
1844,12,19,5,-0.272999859039413,9,6.0
1250,8,28,2,-0.27226108428513224,9,6.0
1186,8,13,4,-0.27189211816115,9,6.0
1072,7,16,5,-0.27145215122539085,9,6.0
69,1,14,1,-0.271301196810655,9,6.0
934,6,15,5,-0.27118783848561623,9,6.0
699,4,27,6,-0.2707610614522479,9,6.0
1693,11,26,7,-0.2702221436517587,9,6.0
801,5,17,9,-0.26929825609197094,9,6.0
742,5,7,6,-0.2692815082703114,9,6.0
800,5,17,8,-0.2680477006470709,9,6.0
1830,12,17,1,-0.26797831822041285,9,6.0
641,4,19,8,-0.2678898507715174,9,6.0
1815,12,14,3,-0.26778152577360537,9,6.0
1548,11,1,8,-0.2677581128557172,9,6.0
251,2,15,6,-0.2674103320426575,9,6.0
1095,7,22,2,-0.2673844168088004,9,6.0
1296,9,8,6,-0.2672121777725067,9,6.0
561,4,4,8,-0.2665579412714877,9,6.0
1866,12,23,4,-0.2659870097260226,9,6.0
1383,9,22,4,-0.26556328395850226,9,6.0
115,1,22,5,-0.26508355798691885,9,6.0
1051,7,11,1,-0.2649209068479855,9,6.0
1883,12,25,3,-0.26463398472788485,9,6.0
1641,11,17,6,-0.2640276114700283,9,6.0
219,2,9,7,-0.2634515012635536,9,6.0
1033,7,7,1,-0.2632810795328352,9,6.0
1065,7,14,3,-0.26322924404883963,9,6.0
1320,9,11,6,-0.2628525500977478,9,6.0
1367,9,19,1,-0.2619157215783638,9,6.0
933,6,15,4,-0.2607312679267862,9,6.0
1077,7,17,3,-0.2606261654365361,9,6.0
1202,8,18,4,-0.2605933964276805,9,6.0
1349,9,16,4,-0.2605367151478541,9,6.0
1549,11,1,10,-0.2601514303366504,9,6.0
33,1,7,5,-0.2599215697156448,9,6.0
101,1,19,7,-0.258642323142038,9,6.0
1825,12,16,1,-0.25804743291447535,9,6.0
112,1,22,2,-0.25791428581094394,9,6.0
894,6,7,11,-0.2577015427129147,9,6.0
921,6,12,4,-0.2573627465848989,9,6.0
1411,9,28,3,-0.2571709429853366,9,6.0
899,6,8,2,-0.25710717618237516,9,6.0
1070,7,16,2,-0.25701339948419316,9,6.0
1279,9,4,7,-0.25646808231122603,9,6.0
1480,10,17,8,-0.25539048581842105,9,6.0
740,5,7,2,-0.2548652276317137,9,6.0
1805,12,12,6,-0.25469732476129614,9,6.0
133,1,25,14,-0.25405981674292016,9,6.0
1716,11,29,6,-0.2537994237114681,9,6.0
936,6,16,1,-0.25355057433972883,9,6.0
1874,12,24,1,-0.2534255156280762,9,6.0
479,3,22,8,-0.25341701211797324,9,6.0
141,1,26,9,-0.25322028680656156,9,6.0
1861,12,22,3,-0.25316325618397184,9,6.0
881,6,4,1,-0.2529292172242086,9,6.0
520,3,28,8,-0.25271347869195804,9,6.0
955,6,19,3,-0.25239820529273727,9,6.0
628,4,17,7,-0.2517214314652055,9,6.0
1120,7,27,0,-0.2513074380156448,9,6.0
1390,9,23,6,-0.250883791725977,9,6.0
539,4,1,7,-0.24967755214435292,9,6.0
77,1,15,1,-0.24927919946720914,9,6.0
474,3,21,14,-0.24867897418975118,9,6.0
1058,7,13,2,-0.24717521366834241,9,6.0
1106,7,24,2,-0.24694513011218885,9,6.0
989,6,27,1,-0.2469328927992373,9,6.0
1820,12,15,3,-0.24691246650259732,9,6.0
1668,11,22,6,-0.24673335931113666,9,6.0
63,1,13,5,-0.24567142270359776,9,6.0
120,1,23,2,-0.24490319663480958,9,6.0
892,6,6,9,-0.24435011679096477,3,7.0
1019,7,4,2,-0.24432115891699427,3,7.0
1312,9,10,6,-0.2438139457569199,3,7.0
1893,12,27,1,-0.2435680549225667,3,7.0
439,3,15,10,-0.24278815906672638,3,7.0
1706,11,28,7,-0.2426311893645896,3,7.0
122,1,23,5,-0.24183619685756463,3,7.0
1862,12,22,4,-0.24151863815548094,3,7.0
1469,10,15,6,-0.24052015979740124,3,7.0
1751,12,5,6,-0.23950233411794059,3,7.0
1855,12,21,1,-0.2394640469162415,3,7.0
552,4,3,7,-0.2393970770287049,3,7.0
1110,7,25,6,-0.23850534476115498,3,7.0
185,2,4,6,-0.23811184034483668,3,7.0
1048,7,10,4,-0.2377963309407314,3,7.0
1856,12,21,2,-0.237667490710891,3,7.0
1884,12,25,4,-0.2376070146659881,3,7.0
766,5,12,7,-0.23736033455280253,3,7.0
692,4,26,11,-0.23691914076426757,3,7.0
100,1,19,6,-0.2364051743924053,3,7.0
1431,10,5,6,-0.23573019948126717,3,7.0
49,1,10,3,-0.2353523867999796,3,7.0
480,3,22,9,-0.2351144601306937,3,7.0
1501,10,22,7,-0.23450941239722833,3,7.0
816,5,20,7,-0.23429980557032024,3,7.0
920,6,12,1,-0.23360942990586736,3,7.0
1882,12,25,0,-0.23229828984860557,3,7.0
967,6,23,3,-0.23209972749682162,3,7.0
283,2,22,6,-0.23126183531445585,3,7.0
1011,7,3,1,-0.23115512886524833,3,7.0
1060,7,13,5,-0.23093337967392702,3,7.0
786,5,15,6,-0.23038115115175223,3,7.0
1850,12,20,6,-0.22940728796388585,3,7.0
64,1,13,6,-0.22847298209738384,3,7.0
1627,11,14,8,-0.2276251404184132,3,7.0
437,3,15,8,-0.2270762000136757,3,7.0
1697,11,27,6,-0.22703803622744645,3,7.0
1890,12,26,7,-0.2269389222539702,3,7.0
577,4,7,7,-0.22648683382611354,3,7.0
611,4,14,7,-0.22555376617766948,3,7.0
438,3,15,9,-0.2244313301862309,3,7.0
1102,7,23,2,-0.2242267814508986,3,7.0
1428,10,4,9,-0.22398442287968331,3,7.0
943,6,17,4,-0.22397221183588495,3,7.0
909,6,10,4,-0.22363127672076086,3,7.0
1725,12,1,7,-0.22347077720240094,3,7.0
1341,9,14,6,-0.22336448293969985,3,7.0
284,2,22,8,-0.2230862749326834,3,7.0
1506,10,23,6,-0.22282457241450795,3,7.0
1043,7,9,1,-0.2226490147262007,3,7.0
949,6,18,3,-0.2219249835977652,3,7.0
89,1,17,5,-0.22073102154384835,3,7.0
941,6,17,2,-0.21946269942497812,3,7.0
1260,8,30,6,-0.21930742386683097,3,7.0
148,1,28,0,-0.21844602167381258,3,7.0
325,3,1,9,-0.2180849348805849,3,7.0
1717,11,29,7,-0.21786762917192334,3,7.0
1029,7,6,6,-0.21733597474491767,3,7.0
1122,7,27,2,-0.21728341681020832,3,7.0
244,2,14,6,-0.21697259510309652,3,7.0
1066,7,14,4,-0.21676957948650866,3,7.0
950,6,18,4,-0.21656173665326783,3,7.0
965,6,22,4,-0.21636693694251766,3,7.0
290,2,23,7,-0.21620398634534027,3,7.0
1816,12,14,5,-0.21596241424372756,3,7.0
337,3,2,10,-0.21504177718066975,3,7.0
925,6,13,11,-0.21493943463478876,3,7.0
321,2,29,6,-0.21486667649563565,3,7.0
693,4,26,12,-0.21452379974931327,3,7.0
1817,12,14,6,-0.21423692849021028,3,7.0
1504,10,23,1,-0.21419207786131422,3,7.0
1542,10,29,6,-0.21401235468084498,3,7.0
299,2,24,7,-0.21349390293659673,3,7.0
260,2,17,7,-0.2134895402406899,3,7.0
169,2,2,7,-0.21208077178574883,3,7.0
490,3,23,6,-0.2120701037187343,3,7.0
616,4,15,7,-0.2114889018779046,3,7.0
1888,12,26,1,-0.21137697109014636,3,7.0
1262,8,30,9,-0.21108903126733053,3,7.0
1313,9,10,7,-0.21023580596383187,3,7.0
119,1,23,0,-0.20940912336904496,3,7.0
990,6,27,8,-0.2092587406106972,3,7.0
681,4,24,7,-0.20904423736504651,3,7.0
908,6,10,1,-0.20882870533644446,3,7.0
811,5,19,6,-0.20853842848600487,3,7.0
1052,7,11,8,-0.20839450511587532,3,7.0
23,1,5,9,-0.20832884015465417,3,7.0
1651,11,19,7,-0.20791097020335095,3,7.0
94,1,18,9,-0.20655847528272875,3,7.0
1746,12,4,7,-0.2062632467460001,3,7.0
1517,10,25,9,-0.20615615613733337,3,7.0
384,3,8,9,-0.20581639940943258,3,7.0
1394,9,24,1,-0.20560926486097741,3,7.0
629,4,17,8,-0.20560672592532178,3,7.0
1500,10,22,6,-0.20506838119998164,3,7.0
121,1,23,4,-0.20433875555132452,3,7.0
50,1,10,6,-0.20299265677450518,3,7.0
36,1,8,6,-0.202885434791266,3,7.0
1427,10,3,11,-0.20244951845787784,3,7.0
1734,12,2,6,-0.2020010887900739,3,7.0
1759,12,6,8,-0.20154518997226248,3,7.0
481,3,22,12,-0.20085723003349473,3,7.0
440,3,15,12,-0.20082736654762726,3,7.0
1916,12,30,5,-0.20030753563253587,3,7.0
794,5,16,10,-0.20019258707978496,3,7.0
568,4,5,13,-0.19942158525762838,3,7.0
1090,7,21,2,-0.19938223355307325,3,7.0
1875,12,24,3,-0.19826863430785155,3,7.0
914,6,11,3,-0.19812339755723649,3,7.0
1363,9,18,6,-0.1966928395249462,3,7.0
977,6,25,2,-0.19604244309063396,3,7.0
276,2,21,6,-0.19532673672000336,3,7.0
1261,8,30,7,-0.194389605437591,3,7.0
723,5,2,15,-0.19352375325772475,3,7.0
482,3,22,13,-0.19351440664922684,3,7.0
1356,9,17,6,-0.19311436396155107,3,7.0
680,4,24,6,-0.1929792853357546,3,7.0
201,2,6,6,-0.19203108246846845,3,7.0
942,6,17,3,-0.19150287130026689,3,7.0
1860,12,22,1,-0.19004312414025798,3,7.0
156,1,29,2,-0.18990410338035343,3,7.0
304,2,25,6,-0.18955973627751305,3,7.0
1496,10,21,7,-0.1894272700023642,3,7.0
85,1,16,6,-0.1890267885281886,3,7.0
901,6,8,6,-0.1886077674111968,3,7.0
541,4,2,1,-0.18672018424165834,13,8.0
1845,12,19,7,-0.18638779630849464,13,8.0
597,4,11,11,-0.1831023400525981,13,8.0
1379,9,21,6,-0.18154358190583472,13,8.0
59,1,12,7,-0.18129347937852855,13,8.0
396,3,10,7,-0.18119002407393392,13,8.0
1529,10,27,6,-0.18092270580316797,13,8.0
373,3,7,11,-0.17964504885860086,13,8.0
1521,10,26,6,-0.17960930248871113,13,8.0
969,6,23,6,-0.17932497705725894,13,8.0
107,1,21,3,-0.17885846765618757,13,8.0
1798,12,11,7,-0.17820037774179304,13,8.0
1827,12,16,7,-0.17804843954236219,13,8.0
1560,11,3,7,-0.1760312813784646,13,8.0
262,2,18,7,-0.17525746399721215,13,8.0
1068,7,15,6,-0.1738626806690579,13,8.0
966,6,23,2,-0.17383671828393496,13,8.0
1698,11,27,9,-0.17299935606397673,13,8.0
65,1,13,7,-0.17290231744488754,13,8.0
425,3,13,8,-0.17284307215919018,13,8.0
1511,10,24,10,-0.17256946689372352,13,8.0
230,2,12,7,-0.17140820864672038,13,8.0
1407,9,27,10,-0.1712312682550011,13,8.0
940,6,16,7,-0.1712107733037478,13,8.0
513,3,27,7,-0.17111884262304572,13,8.0
1903,12,28,4,-0.17063057961703076,13,8.0
499,3,25,8,-0.16974886667782668,13,8.0
1050,7,10,7,-0.1691339616519816,13,8.0
1039,7,8,7,-0.16883511112193533,13,8.0
1195,8,15,6,-0.16822079486430558,13,8.0
161,1,30,4,-0.1679852514272514,13,8.0
939,6,16,6,-0.1679834775051319,13,8.0
1783,12,9,6,-0.1673558394088414,13,8.0
1026,7,5,11,-0.16646265643349653,13,8.0
562,4,4,11,-0.16641772172874192,13,8.0
1683,11,25,7,-0.16636617601476006,13,8.0
397,3,10,8,-0.16619806086335795,13,8.0
884,6,4,7,-0.1653664441738649,13,8.0
446,3,16,8,-0.1652911465507514,13,8.0
721,5,2,12,-0.16524920876559476,13,8.0
598,4,11,12,-0.16440936575498338,13,8.0
1657,11,20,7,-0.16393081871389734,13,8.0
361,3,5,9,-0.1639079134005739,13,8.0
976,6,25,1,-0.1636901669702424,13,8.0
46,1,9,6,-0.16299528991778642,13,8.0
862,5,30,9,-0.16234760006800342,13,8.0
1030,7,6,7,-0.1619204995523287,13,8.0
1610,11,11,7,-0.161734443233969,13,8.0
1902,12,28,2,-0.16155090609569217,13,8.0
722,5,2,13,-0.1602092561158955,13,8.0
863,5,30,10,-0.15894932200562667,13,8.0
527,3,29,11,-0.1587769047285951,13,8.0
948,6,18,1,-0.15677662069915843,13,8.0
1792,12,10,7,-0.15634053762189137,13,8.0
1073,7,16,6,-0.1553136824594601,13,8.0
1342,9,14,7,-0.15521385833645007,13,8.0
1647,11,18,7,-0.15436127167629016,13,8.0
1204,8,18,6,-0.15432378793895926,13,8.0
222,2,10,8,-0.15372696759618923,13,8.0
72,1,14,6,-0.15284345804763919,13,8.0
1556,11,2,7,-0.1523964369032175,13,8.0
1631,11,15,12,-0.15020331087467642,13,8.0
1912,12,29,6,-0.14904893152264925,13,8.0
245,2,14,7,-0.14901289099283213,13,8.0
1107,7,24,7,-0.1489153431272525,13,8.0
152,1,28,7,-0.14867149405940516,13,8.0
997,6,29,3,-0.14835876396462783,13,8.0
743,5,7,8,-0.14751218515576484,13,8.0
1166,8,9,9,-0.14714698862982983,13,8.0
170,2,2,8,-0.14700502438966878,13,8.0
1093,7,21,6,-0.14652799409935105,13,8.0
102,1,19,9,-0.1464827235241561,13,8.0
1897,12,27,7,-0.14434862568561305,13,8.0
1858,12,21,6,-0.14399456814368333,13,8.0
126,1,24,10,-0.14323506209004871,13,8.0
1522,10,26,7,-0.1419696729551124,13,8.0
315,2,27,7,-0.14123070155471928,13,8.0
1838,12,18,6,-0.14105438281947522,13,8.0
978,6,25,3,-0.1404738706501964,13,8.0
802,5,17,12,-0.13958241864845264,13,8.0
528,3,29,15,-0.13839812757835718,13,8.0
1225,8,23,11,-0.13742529407900278,13,8.0
998,6,29,4,-0.13652413290871762,13,8.0
1692,11,26,6,-0.13442894673409575,13,8.0
944,6,17,6,-0.13327034764062617,13,8.0
1094,7,21,8,-0.13321955538073596,13,8.0
37,1,8,7,-0.13263887620767825,13,8.0
514,3,27,8,-0.1311614570264476,13,8.0
983,6,26,4,-0.1304665040704958,13,8.0
984,6,26,5,-0.12978831594292828,13,8.0
979,6,25,6,-0.12746226623794948,13,8.0
727,5,3,15,-0.1269495164539681,13,8.0
162,1,30,5,-0.12440112161289078,13,8.0
1482,10,17,11,-0.1239989481839217,13,8.0
1868,12,23,6,-0.12388445035655868,13,8.0
1441,10,7,7,-0.12267539100824372,6,9.0
1247,8,27,7,-0.12067391173563444,6,9.0
1826,12,16,6,-0.11716833153537787,6,9.0
970,6,23,9,-0.11573927394896061,6,9.0
931,6,14,14,-0.11256395892784112,6,9.0
1188,8,14,7,-0.11182350883837251,6,9.0
163,1,30,7,-0.11177090941027346,6,9.0
158,1,29,6,-0.11131566928477793,6,9.0
1488,10,20,7,-0.10993374902085057,6,9.0
142,1,26,12,-0.10982383610688329,6,9.0
1397,9,24,7,-0.10846464348813672,6,9.0
724,5,2,16,-0.10807814555233625,6,9.0
1174,8,11,7,-0.10745752450844202,6,9.0
326,3,1,10,-0.10721832963559821,6,9.0
672,4,23,8,-0.10682801698790356,6,9.0
982,6,26,2,-0.10627505120598256,6,9.0
416,3,12,9,-0.1057357491852285,6,9.0
1248,8,27,8,-0.10546811734670754,6,9.0
636,4,18,11,-0.10384059096293631,6,9.0
1364,9,18,8,-0.10358258823274603,6,9.0
1412,9,28,6,-0.10318824050933048,6,9.0
793,5,16,9,-0.10180479118527574,6,9.0
1375,9,20,13,-0.09982579902266174,6,9.0
1429,10,4,12,-0.0989600912813996,6,9.0
1111,7,25,9,-0.09801523199936334,6,9.0
545,4,2,12,-0.09769960221156988,6,9.0
738,5,5,13,-0.09753338091802434,6,9.0
1098,7,22,7,-0.09729444893377306,6,9.0
398,3,10,9,-0.09686646474316893,6,9.0
1221,8,22,11,-0.09674321249358862,6,9.0
1913,12,29,7,-0.09611829739757845,6,9.0
1718,11,29,9,-0.09518057761581991,6,9.0
80,1,15,7,-0.09462499165203316,6,9.0
1005,7,2,9,-0.0940201615894172,6,9.0
602,4,12,16,-0.09292582517739724,6,9.0
1413,9,28,8,-0.09099260151208631,6,9.0
795,5,16,15,-0.08812231222149439,6,9.0
1327,9,12,9,-0.08757490016338801,6,9.0
1022,7,4,11,-0.08710042065954694,6,9.0
1140,8,2,12,-0.08613530752161926,6,9.0
277,2,21,8,-0.08549501083938753,6,9.0
374,3,7,12,-0.08446359156188081,6,9.0
1550,11,1,13,-0.08367858095786833,6,9.0
328,3,1,14,-0.08237831328457489,6,9.0
960,6,20,15,-0.08226712365890067,6,9.0
1053,7,11,10,-0.0816549067608964,6,9.0
1061,7,13,7,-0.08125222611206127,6,9.0
700,4,27,8,-0.0804788530894152,6,9.0
316,2,27,9,-0.07974233895757557,6,9.0
1863,12,22,7,-0.0793831248061354,6,9.0
688,4,25,9,-0.07750712601119569,6,9.0
1049,7,10,6,-0.07703935639734913,6,9.0
31,1,7,1,-0.07535617940771343,6,9.0
923,6,12,8,-0.0743349029589785,6,9.0
1784,12,9,8,-0.07408978599834096,6,9.0
451,3,17,12,-0.07368415435963216,6,9.0
1481,10,17,10,-0.07253725111526653,6,9.0
864,5,30,13,-0.0718539836404566,6,9.0
127,1,24,13,-0.07080785107613075,6,9.0
180,2,3,9,-0.06864042301799013,6,9.0
327,3,1,12,-0.06801740634725753,6,9.0
1164,8,8,15,-0.0651965469698396,6,9.0
129,1,24,22,-0.06474449707658875,6,9.0
846,5,27,8,-0.06339301397088971,6,9.0
991,6,27,10,-0.061457698664960966,6,9.0
961,6,20,18,-0.0609119098929935,6,9.0
599,4,11,17,-0.06014953929110202,6,9.0
1104,7,23,8,-0.05775142112889512,6,9.0
1408,9,27,12,-0.05736549953539929,6,9.0
1255,8,29,11,-0.057098850732350374,6,9.0
1719,11,29,12,-0.056735331823471236,6,9.0
1869,12,23,7,-0.05517725254029089,11,10.0
1079,7,17,8,-0.054586708398569966,11,10.0
469,3,20,14,-0.05390046980071179,11,10.0
1190,8,14,12,-0.051678388839306345,11,10.0
751,5,9,14,-0.05118580504491681,11,10.0
1917,12,30,7,-0.05031997831569789,11,10.0
803,5,17,15,-0.0497005809831315,11,10.0
1628,11,14,16,-0.049568484409622526,11,10.0
563,4,4,15,-0.047983003918906995,11,10.0
1652,11,19,8,-0.04702103472596196,11,10.0
1119,7,26,13,-0.04616803487223702,11,10.0
838,5,25,10,-0.04596703118191157,11,10.0
1467,10,14,8,-0.045594222802569716,11,10.0
458,3,18,11,-0.045463029835844215,11,10.0
1329,9,12,13,-0.044043575988187963,11,10.0
1139,8,1,12,-0.04393255139871111,11,10.0
1054,7,11,11,-0.040401480916695424,11,10.0
554,4,3,15,-0.04035782768064315,11,10.0
750,5,9,11,-0.039456888709212316,11,10.0
1760,12,6,10,-0.03913899674560273,11,10.0
375,3,7,13,-0.0382272322887644,11,10.0
1777,12,8,10,-0.03770553287015315,11,10.0
916,6,11,9,-0.0372383607782711,11,10.0
54,1,11,9,-0.036832720375503,11,10.0
216,2,8,11,-0.03667079567413714,11,10.0
338,3,2,14,-0.03659903146431859,11,10.0
171,2,2,11,-0.03657252367582054,11,10.0
1648,11,18,8,-0.03534369100919012,11,10.0
902,6,8,8,-0.03476952153769135,11,10.0
47,1,9,9,-0.03467013952021535,11,10.0
747,5,8,10,-0.03210590871514874,11,10.0
345,3,3,10,-0.03200587802106457,11,10.0
66,1,13,9,-0.03183408898271972,11,10.0
683,4,24,15,-0.029112310424499847,11,10.0
617,4,15,12,-0.027631252104829196,11,10.0
821,5,21,14,-0.027511927279505844,11,10.0
1507,10,23,8,-0.026600109664747285,11,10.0
210,2,7,9,-0.02642259226380724,11,10.0
352,3,4,12,-0.02624144712387486,11,10.0
134,1,25,22,-0.025301551576050775,11,10.0
123,1,23,8,-0.024144187051687596,11,10.0
128,1,24,21,-0.023834279144014228,11,10.0
778,5,14,9,-0.023663241464537053,11,10.0
767,5,12,10,-0.022481146117325317,11,10.0
362,3,5,14,-0.021690788020194442,11,10.0
917,6,11,14,-0.021547484032695092,11,10.0
1684,11,25,8,-0.021500862646983587,11,10.0
1720,11,29,13,-0.018964520995268568,11,10.0
847,5,27,9,-0.017027809839308287,11,10.0
822,5,21,15,-0.013809172471672293,11,10.0
1303,9,9,9,-0.013205884837060923,11,10.0
255,2,16,9,-0.012955650168193337,11,10.0
1694,11,26,9,-0.011418192781329023,11,10.0
865,5,30,17,-0.011171955998672328,11,10.0
655,4,21,9,-0.010128929633889039,11,10.0
1512,10,24,16,-0.010002214315390334,11,10.0
1404,9,26,11,-0.008398738556570598,11,10.0
463,3,19,10,-0.005564793740886191,11,10.0
875,6,2,12,-0.005376222329862312,11,10.0
500,3,25,10,-0.005301839427227544,11,10.0
895,6,7,17,-0.004965313761243649,11,10.0
143,1,26,17,-0.004356896803312345,11,10.0
896,6,7,18,-0.003177918461494682,11,10.0
426,3,13,12,-0.0031635120176193737,11,10.0
787,5,15,8,-0.0030836033272439362,11,10.0
1108,7,24,9,-0.0024097581993076963,11,10.0
1573,11,5,8,-0.001575868581149127,11,10.0
1707,11,28,13,0.0006036257449093922,11,10.0
1328,9,12,12,0.0015436700602619985,11,10.0
407,3,11,15,0.0021666882711239097,11,10.0
408,3,11,16,0.0023522612742863085,11,10.0
1162,8,8,11,0.0044480584384561875,11,10.0
1222,8,22,17,0.005459525258592153,11,10.0
278,2,21,9,0.006811315434711632,11,10.0
1163,8,8,13,0.007326802813532324,11,10.0
701,4,27,9,0.007596931372973544,11,10.0
1270,9,2,9,0.008290316903183586,11,10.0
1243,8,26,9,0.008537013973549114,11,10.0
906,6,9,12,0.009229378616848945,11,10.0
4,1,1,18,0.019376296346416428,17,11.0
1752,12,5,12,0.02059186623046413,17,11.0
1216,8,21,9,0.02117874301258465,17,11.0
1152,8,5,14,0.02343893965291039,17,11.0
427,3,13,16,0.023562423022750627,17,11.0
768,5,12,13,0.023906605142943085,17,11.0
1620,11,13,9,0.025226099675634963,17,11.0
1151,8,5,11,0.02620200369133203,17,11.0
1159,8,7,12,0.02713217300016856,17,11.0
1167,8,9,13,0.02903994426316914,17,11.0
1484,10,17,19,0.029656241620231668,17,11.0
1483,10,17,14,0.03007786499582097,17,11.0
521,3,28,16,0.031140312717025557,17,11.0
172,2,2,16,0.03459514155227745,17,11.0
850,5,28,10,0.035495868803565825,17,11.0
1823,12,15,8,0.03584453100005551,17,11.0
707,4,28,13,0.036033530417450006,17,11.0
1588,11,7,12,0.036821945475904415,17,11.0
1523,10,26,14,0.03720196222128875,17,11.0
716,4,29,13,0.03807852705458353,17,11.0
1191,8,14,16,0.03920613808295772,17,11.0
674,4,23,13,0.03976986179837629,17,11.0
1,1,1,15,0.04010980103281372,17,11.0
546,4,2,14,0.040833044982264574,17,11.0
1208,8,19,9,0.04330684053691322,17,11.0
292,2,23,13,0.04358134467613481,17,11.0
1567,11,4,14,0.04454576105451242,17,11.0
1489,10,20,8,0.04486930507585779,17,11.0
442,3,15,17,0.045910748612593845,17,11.0
820,5,21,12,0.04604408972980781,17,11.0
392,3,9,13,0.04629628263137236,17,11.0
13,1,3,10,0.04692397141750736,17,11.0
2,1,1,16,0.04839234025499967,17,11.0
533,3,30,9,0.04880066694402835,17,11.0
553,4,3,12,0.049667884929188014,17,11.0
19,1,4,16,0.050961411711890316,17,11.0
857,5,29,17,0.051132662861093456,17,11.0
263,2,18,15,0.05144575299118717,17,11.0
779,5,14,15,0.051698166327488866,17,11.0
354,3,4,15,0.0520678114674504,17,11.0
752,5,9,17,0.053468364788897424,17,11.0
159,1,29,16,0.05675759162954537,17,11.0
1069,7,15,14,0.057450838019362384,17,11.0
1230,8,24,9,0.05746759379009568,17,11.0
391,3,9,12,0.05930526890926092,17,11.0
534,3,30,11,0.061457559787132916,17,11.0
656,4,21,13,0.06414912604138003,17,11.0
3,1,1,17,0.06475606904239505,17,11.0
1575,11,5,12,0.06687469555337795,17,11.0
261,2,17,9,0.07205763082600361,17,11.0
441,3,15,16,0.072119401328412,17,11.0
907,6,9,13,0.07350659707727088,17,11.0
399,3,10,12,0.0741300949076554,17,11.0
918,6,11,15,0.07441192293662738,17,11.0
927,6,13,22,0.0745880197024829,17,11.0
1002,7,1,11,0.07567967540183856,17,11.0
285,2,22,13,0.07616124320576677,17,11.0
293,2,23,16,0.07645044503116077,17,11.0
647,4,20,11,0.07757540891365386,17,11.0
291,2,23,12,0.0784117270741734,17,11.0
578,4,7,15,0.07887112932526272,17,11.0
606,4,13,13,0.07979798417016064,17,11.0
223,2,10,12,0.07998558680493313,17,11.0
744,5,7,16,0.08010718097605234,17,11.0
95,1,18,14,0.0802077280368017,17,11.0
851,5,28,16,0.08025803520928532,17,11.0
1145,8,4,11,0.08039492742781973,17,11.0
27,1,6,13,0.0822044378367008,17,11.0
1263,8,30,17,0.08285716445666028,1,12.0
1409,9,27,16,0.08397491740092915,1,12.0
353,3,4,14,0.08445987097173728,1,12.0
911,6,10,11,0.08503038511347803,1,12.0
363,3,5,16,0.0851819081939452,1,12.0
827,5,22,11,0.08557223770016195,1,12.0
682,4,24,12,0.08669777199182922,1,12.0
992,6,27,18,0.08687501358101428,1,12.0
1236,8,25,17,0.08772679468980632,1,12.0
769,5,12,15,0.08864245496900303,1,12.0
733,5,4,18,0.08913262432429973,1,12.0
1271,9,2,13,0.09019452874678124,1,12.0
951,6,18,11,0.09064863571178246,1,12.0
103,1,19,16,0.09155537205375502,1,12.0
1007,7,2,15,0.09188684919008817,1,12.0
945,6,17,11,0.09262419606174349,1,12.0
1839,12,18,11,0.09289016356638202,1,12.0
1289,9,6,23,0.09309713705123336,1,12.0
1080,7,17,13,0.09336671484105978,1,12.0
38,1,8,10,0.09393741154604685,1,12.0
1423,10,2,17,0.09410709637321639,1,12.0
1141,8,2,16,0.09533986205566003,1,12.0
1832,12,17,10,0.09584659739613777,1,12.0
1835,12,17,15,0.09606082933346255,1,12.0
496,3,24,13,0.09612548637310353,1,12.0
194,2,5,12,0.09626392762155185,1,12.0
1200,8,17,12,0.09630804070301051,1,12.0
252,2,15,16,0.09647037543915035,1,12.0
471,3,20,18,0.09742141350617306,1,12.0
673,4,23,11,0.10201411736852802,1,12.0
1297,9,8,11,0.10204829571876628,1,12.0
572,4,6,12,0.10343770113331434,1,12.0
470,3,20,16,0.10429258044806511,1,12.0
642,4,19,16,0.1044451774686709,1,12.0
1602,11,9,15,0.10588847351024899,1,12.0
579,4,7,16,0.10603492719785562,1,12.0
1898,12,27,14,0.10607316709094614,1,12.0
1024,7,4,23,0.10691517855895659,1,12.0
312,2,26,15,0.10802564319808716,1,12.0
529,3,29,18,0.1091023351870889,1,12.0
1589,11,7,19,0.1094543247109934,1,12.0
1304,9,9,12,0.10975816636272923,1,12.0
788,5,15,12,0.11304252308891412,1,12.0
1315,9,10,14,0.11355533158100124,1,12.0
1251,8,28,12,0.1141328130792854,1,12.0
56,1,11,23,0.11462385796214272,1,12.0
1642,11,17,10,0.11491763972117146,1,12.0
26,1,6,12,0.11545135708878755,1,12.0
1513,10,24,18,0.11584692210548943,1,12.0
1023,7,4,18,0.11619918840345274,1,12.0
963,6,21,23,0.11676122273161581,1,12.0
1649,11,18,11,0.11709560965730222,1,12.0
1040,7,8,13,0.11896329900179672,1,12.0
1249,8,27,12,0.11965489580363872,1,12.0
193,2,5,11,0.12097739735259494,1,12.0
832,5,23,23,0.12444082249635796,1,12.0
371,3,6,19,0.12457404615387617,1,12.0
1314,9,10,10,0.12472780449488087,1,12.0
1537,10,28,13,0.12543013342271106,1,12.0
483,3,22,18,0.12611151804887852,1,12.0
97,1,18,23,0.12733086616362385,1,12.0
1454,10,10,23,0.12743336350396112,1,12.0
501,3,25,16,0.1284495255850909,1,12.0
1899,12,27,15,0.1291878170142467,1,12.0
256,2,16,12,0.1304854788159893,1,12.0
364,3,5,17,0.13105748692302743,1,12.0
1244,8,26,12,0.13105901255130833,1,12.0
1476,10,16,14,0.13205147469121303,1,12.0
1198,8,16,23,0.13223121896956708,1,12.0
1357,9,17,10,0.13318164112267183,1,12.0
1701,11,27,12,0.13467671345558024,1,12.0
1754,12,5,23,0.13513442502918122,1,12.0
146,1,27,20,0.1351532646834505,1,12.0
1347,9,15,23,0.1351775664046086,1,12.0
573,4,6,15,0.135728477817609,1,12.0
1209,8,19,10,0.13585692611344422,1,12.0
1621,11,13,10,0.13671334595035728,1,12.0
584,4,8,17,0.1374006429754021,1,12.0
600,4,11,18,0.13749235521930744,1,12.0
663,4,22,17,0.1375484597128019,1,12.0
631,4,17,12,0.1381291343986075,1,12.0
1275,9,3,13,0.13853991734852794,1,12.0
839,5,25,14,0.13899021434164466,1,12.0
1833,12,17,12,0.14030802049314803,1,12.0
831,5,23,20,0.14048141104449025,1,12.0
1699,11,27,10,0.14062039277697605,1,12.0
213,2,7,16,0.142916526934526,1,12.0
1885,12,25,14,0.14476800482915095,1,12.0
952,6,18,13,0.1450390698316849,1,12.0
271,2,20,12,0.14533736612403292,1,12.0
1678,11,24,11,0.1469689932065013,1,12.0
329,3,1,17,0.14728071801059794,1,12.0
55,1,11,14,0.14792801807438,10,13.0
999,6,29,11,0.14867299583403973,10,13.0
1753,12,5,14,0.14873856959514,10,13.0
1622,11,13,14,0.14902100701364268,10,13.0
39,1,8,11,0.14930849726986506,10,13.0
1536,10,28,11,0.15006416989383456,10,13.0
322,2,29,17,0.15010172901069826,10,13.0
124,1,23,11,0.15031528689043658,10,13.0
224,2,10,13,0.15191739596197348,10,13.0
1154,8,6,11,0.15216394960420757,10,13.0
1665,11,21,17,0.15262427660501993,10,13.0
595,4,10,14,0.15322912543411224,10,13.0
1591,11,7,23,0.1540508453059489,10,13.0
657,4,21,14,0.15409134749449033,10,13.0
780,5,14,17,0.15441906958487905,10,13.0
211,2,7,12,0.1548635489418198,10,13.0
1112,7,25,18,0.1551186547431769,10,13.0
1877,12,24,13,0.1561240369568926,10,13.0
675,4,23,14,0.1567283136232612,10,13.0
1405,9,26,19,0.1579018810621561,10,13.0
1041,7,8,14,0.15844870247646084,10,13.0
1846,12,19,16,0.15889468916643198,10,13.0
973,6,24,11,0.15947727589598312,10,13.0
1708,11,28,15,0.16232629303575621,10,13.0
1226,8,23,18,0.16242158099539217,10,13.0
393,3,9,16,0.16337011458042716,10,13.0
212,2,7,14,0.16559219192581429,10,13.0
1658,11,20,13,0.16565085173858446,10,13.0
81,1,15,10,0.16750337989628927,10,13.0
1450,10,9,23,0.1692614295901948,10,13.0
689,4,25,23,0.16943077892845185,10,13.0
817,5,20,17,0.17026710363210756,10,13.0
1331,9,12,23,0.17098703176889643,10,13.0
202,2,6,11,0.171176656226222,10,13.0
1006,7,2,12,0.17118845442296843,10,13.0
1189,8,14,10,0.17146038274066763,10,13.0
1709,11,28,16,0.17226696352556492,10,13.0
1614,11,12,12,0.17259458191928917,10,13.0
897,6,7,23,0.17288320117129777,10,13.0
188,2,4,23,0.17349787929666696,10,13.0
1918,12,30,12,0.1754541625154028,10,13.0
630,4,17,11,0.17548116881532722,10,13.0
96,1,18,16,0.17622251636911265,10,13.0
385,3,8,23,0.17681933015164905,10,13.0
246,2,14,12,0.1769282009864913,10,13.0
409,3,11,17,0.17699608381846144,10,13.0
676,4,23,15,0.1779036975667563,10,13.0
1350,9,16,10,0.17878359400822752,10,13.0
340,3,2,23,0.1800815415866558,10,13.0
74,1,14,19,0.18076485963010172,10,13.0
465,3,19,18,0.1808311700707306,10,13.0
1099,7,22,10,0.18113112577289378,10,13.0
1217,8,21,15,0.18201805691592768,10,13.0
238,2,13,16,0.1828994469976441,10,13.0
195,2,5,14,0.18316749759676823,10,13.0
1748,12,4,23,0.18323917861909372,10,13.0
1508,10,23,11,0.18446926019278648,10,13.0
247,2,14,14,0.18503575203001354,10,13.0
1358,9,17,16,0.18542040205074165,10,13.0
858,5,29,23,0.1857451195670348,10,13.0
515,3,27,20,0.18581724712892952,10,13.0
1227,8,23,19,0.18654238283117147,10,13.0
1711,11,28,19,0.1870585932851042,10,13.0
1654,11,19,15,0.18770758882971322,10,13.0
1232,8,24,18,0.18786788134503907,10,13.0
1015,7,3,10,0.18845288654632542,10,13.0
1710,11,28,18,0.18933090474745587,10,13.0
956,6,19,16,0.18967369028360243,10,13.0
1799,12,11,14,0.1905334550347123,10,13.0
1016,7,3,14,0.19090430536450925,10,13.0
974,6,24,15,0.19096761190840436,10,13.0
116,1,22,12,0.19210427463106441,10,13.0
1574,11,5,11,0.1940163949226432,10,13.0
67,1,13,12,0.19441248903771638,10,13.0
1766,12,7,11,0.1946114892989032,10,13.0
196,2,5,15,0.1947229424032863,10,13.0
530,3,29,23,0.19609464041978794,10,13.0
1034,7,7,15,0.19693694090152603,10,13.0
1601,11,9,12,0.19738172390652234,10,13.0
1653,11,19,12,0.19781713963300976,10,13.0
491,3,23,17,0.19832650752736772,10,13.0
1321,9,11,15,0.1984940466447699,10,13.0
828,5,22,17,0.19854602735476257,10,13.0
1818,12,14,9,0.2001953937685799,10,13.0
1113,7,25,19,0.2002178537020392,10,13.0
14,1,3,16,0.20256230920326887,10,13.0
376,3,7,18,0.20325928896630077,10,13.0
1870,12,23,11,0.20354401047482512,10,13.0
1851,12,20,16,0.2040972497430852,10,13.0
28,1,6,18,0.20864628250040587,10,13.0
443,3,15,18,0.2092174530963844,10,13.0
400,3,10,16,0.20923489004865792,10,13.0
1611,11,11,13,0.21087875111336868,10,13.0
868,6,1,16,0.21227929974531703,10,13.0
40,1,8,15,0.21306594507081525,10,13.0
294,2,23,23,0.21351389222657824,10,13.0
1623,11,13,17,0.21410890109121133,10,13.0
1127,7,29,14,0.2147051671744266,10,13.0
1576,11,5,13,0.21499486519333197,10,13.0
1231,8,24,15,0.21526778822439016,10,13.0
306,2,25,13,0.21555584111555393,10,13.0
643,4,19,18,0.21665577261633356,10,13.0
1305,9,9,15,0.21935456991751315,10,13.0
926,6,13,21,0.2193572705867372,10,13.0
758,5,10,23,0.21966940689810152,10,13.0
1218,8,21,19,0.22192493853287687,5,14.0
48,1,9,16,0.22203756987596412,5,14.0
1470,10,15,12,0.22217081778048245,5,14.0
231,2,12,11,0.2236021064049684,5,14.0
1105,7,23,12,0.22418544767474516,5,14.0
957,6,19,20,0.22476541006538497,5,14.0
370,3,6,18,0.22677958281269855,5,14.0
1252,8,28,23,0.22755852846393984,5,14.0
935,6,15,19,0.22761610742334712,5,14.0
988,6,26,23,0.22884481202807339,5,14.0
1084,7,18,21,0.22921600269825024,5,14.0
753,5,9,18,0.2296627894916073,5,14.0
574,4,6,17,0.23020742354410623,5,14.0
1643,11,17,16,0.230371185824366,5,14.0
648,4,20,16,0.23077651488362982,5,14.0
1726,12,1,13,0.23148601730639404,5,14.0
305,2,25,11,0.23210561461791976,5,14.0
632,4,17,15,0.23521553441813753,5,14.0
659,4,21,23,0.23763748645174218,5,14.0
1175,8,11,15,0.2377689949298625,5,14.0
829,5,22,23,0.238594596554997,5,14.0
1182,8,12,14,0.23994385056313344,5,14.0
106,1,20,23,0.24045341225859965,5,14.0
1590,11,7,22,0.2405623251060868,5,14.0
1800,12,11,16,0.24059251993814332,5,14.0
547,4,2,17,0.24068814078911835,5,14.0
175,2,2,23,0.24080211314122937,5,14.0
144,1,26,20,0.24123868185443073,5,14.0
1532,10,27,23,0.24254537169812718,5,14.0
1309,9,9,23,0.24318180118910296,5,14.0
1738,12,3,13,0.24370722768687028,5,14.0
806,5,18,17,0.24417446315106053,5,14.0
1435,10,6,12,0.24718980925196068,5,14.0
1700,11,27,11,0.24753523651855228,5,14.0
996,6,28,19,0.24853694968269535,5,14.0
1256,8,29,22,0.25018752686107937,5,14.0
607,4,13,19,0.25046852686191756,5,14.0
24,1,5,19,0.2506508411969956,5,14.0
1456,10,11,20,0.25093513914431326,5,14.0
1177,8,11,23,0.25266223020527834,5,14.0
464,3,19,17,0.25281492453554105,5,14.0
564,4,4,21,0.2537414101171546,5,14.0
76,1,14,23,0.2551303388065966,5,14.0
1871,12,23,12,0.256117450402147,5,14.0
708,4,28,17,0.25643304198609845,5,14.0
1286,9,6,17,0.2568238741785897,5,14.0
1380,9,21,12,0.2570567071980363,5,14.0
971,6,23,19,0.2578889048553048,5,14.0
985,6,26,18,0.25792944199859663,5,14.0
198,2,5,23,0.25859808193189265,5,14.0
1809,12,13,17,0.260062649902699,5,14.0
472,3,20,19,0.26023341680407125,5,14.0
912,6,10,18,0.2612242280533552,5,14.0
1298,9,8,22,0.2628085823986887,5,14.0
1712,11,28,22,0.26301738128709784,5,14.0
1847,12,19,20,0.26334349670618634,5,14.0
1201,8,17,19,0.2637306672665406,5,14.0
68,1,13,18,0.2645582387618742,5,14.0
1834,12,17,13,0.2662420143763292,5,14.0
264,2,18,16,0.26713369689817584,5,14.0
1196,8,15,21,0.2680196552330761,5,14.0
807,5,18,23,0.26814368083715173,5,14.0
581,4,7,23,0.26825487500790424,5,14.0
695,4,26,23,0.2691296399157576,5,14.0
666,4,22,23,0.26981265574349256,5,14.0
1582,11,6,16,0.2713095043593708,5,14.0
29,1,6,20,0.27165173406307797,5,14.0
339,3,2,22,0.27255952291370583,5,14.0
603,4,12,20,0.2728799723763964,5,14.0
1173,8,10,23,0.27392147813260487,5,14.0
1370,9,19,20,0.2756277663262964,5,14.0
1155,8,6,17,0.2768407992512865,5,14.0
980,6,25,12,0.2783914372477553,5,14.0
1330,9,12,20,0.27863343896636605,5,14.0
1761,12,6,19,0.2792856001160632,5,14.0
1666,11,21,19,0.2795473637985827,5,14.0
348,3,3,22,0.27993999188561663,5,14.0
417,3,12,20,0.2816974321589633,5,14.0
73,1,14,16,0.283221381664211,5,14.0
1914,12,29,12,0.2852847526237626,5,14.0
51,1,10,14,0.28562356045495907,5,14.0
771,5,12,19,0.28589343151123786,5,14.0
401,3,10,17,0.2879420210572423,5,14.0
1778,12,8,23,0.28807170832214235,5,14.0
1130,7,29,23,0.28865015824684587,5,14.0
1234,8,24,23,0.28879473270623424,5,14.0
1308,9,9,22,0.2892051626984154,5,14.0
1406,9,26,20,0.2892643565794391,5,14.0
1045,7,9,19,0.28965940564169995,5,14.0
1879,12,24,17,0.2905479939942979,5,14.0
279,2,21,15,0.2924550561018618,5,14.0
1509,10,23,19,0.29260338555218784,5,14.0
953,6,18,20,0.2929426291693436,5,14.0
1530,10,27,18,0.2932784175924721,5,14.0
1561,11,3,16,0.2933680837093819,5,14.0
1158,8,6,23,0.29769295195796236,5,14.0
1767,12,7,14,0.29854044432582544,5,14.0
154,1,28,17,0.2986701811154582,5,14.0
1563,11,3,23,0.29993986629497427,5,14.0
257,2,16,20,0.3006791744416837,8,15.0
1443,10,8,18,0.30208878546593626,8,15.0
770,5,12,18,0.30307600212556607,8,15.0
1172,8,10,22,0.30397453549083436,8,15.0
1323,9,11,22,0.3045559212725885,8,15.0
41,1,8,17,0.3046824789116284,8,15.0
987,6,26,22,0.3049473744310862,8,15.0
1306,9,9,19,0.30654405259492556,8,15.0
1703,11,27,17,0.3084472997706195,8,15.0
164,1,30,17,0.30954661897958585,8,15.0
735,5,4,22,0.310174074040357,8,15.0
1156,8,6,18,0.3102281084720391,8,15.0
1123,7,27,17,0.31067383262131687,8,15.0
1276,9,3,17,0.3112374872311571,8,15.0
1594,11,8,20,0.312076219163296,8,15.0
1214,8,20,23,0.3152332231013261,8,15.0
604,4,12,21,0.31559150173832784,8,15.0
153,1,28,14,0.3159325115022163,8,15.0
1081,7,17,21,0.3168938213006996,8,15.0
1237,8,25,23,0.31742124577406683,8,15.0
1848,12,19,22,0.3181434712318545,8,15.0
848,5,27,20,0.31884649241589264,8,15.0
377,3,7,21,0.3192773651713158,8,15.0
1891,12,26,23,0.3196067107744534,8,15.0
954,6,18,21,0.3199816040351243,8,15.0
323,2,29,18,0.3209956669045841,8,15.0
324,2,29,22,0.3219217732700993,8,15.0
1344,9,14,22,0.3221883351374894,8,15.0
1478,10,16,23,0.32437544465180973,8,15.0
946,6,17,23,0.3257522913341702,8,15.0
734,5,4,20,0.32620948801914174,8,15.0
618,4,15,19,0.3274963417740246,8,15.0
239,2,13,17,0.3278356326452307,8,15.0
844,5,26,20,0.32810309845399643,8,15.0
1046,7,9,23,0.32821288654125896,8,15.0
1886,12,25,23,0.3291512240319983,8,15.0
555,4,3,21,0.32928922210812983,8,15.0
774,5,13,23,0.32952415783256545,8,15.0
702,4,27,18,0.33037372237466306,8,15.0
885,6,4,19,0.3304192262714998,8,15.0
300,2,24,23,0.3305532671961352,8,15.0
684,4,24,18,0.33125932320617885,8,15.0
625,4,16,23,0.33402780791080483,8,15.0
1615,11,12,22,0.33510696449375643,8,15.0
1702,11,27,16,0.3378668979300518,8,15.0
658,4,21,18,0.33789144328320964,8,15.0
1056,7,12,22,0.3389049759566273,8,15.0
258,2,16,23,0.3402507201937154,8,15.0
1322,9,11,20,0.3404092007588952,8,15.0
1076,7,16,23,0.34181418933405144,8,15.0
644,4,19,20,0.34185631819205536,8,15.0
879,6,3,22,0.3423355868490761,8,15.0
1477,10,16,17,0.3441154247356015,8,15.0
1031,7,6,21,0.34595404632275445,8,15.0
1785,12,9,15,0.34598192958782786,8,15.0
232,2,12,14,0.34780087732641324,8,15.0
452,3,17,18,0.3486253121093119,8,15.0
1568,11,4,21,0.3507394124102103,8,15.0
1579,11,5,22,0.3513767170549246,8,15.0
313,2,26,21,0.3519810462180838,8,15.0
986,6,26,20,0.3520575801394343,8,15.0
1134,7,30,23,0.3529036901193449,8,15.0
330,3,1,18,0.3534863397227373,8,15.0
1418,9,29,22,0.35355875380687146,8,15.0
1685,11,25,15,0.3539820087859945,8,15.0
1485,10,17,22,0.3548526292797885,8,15.0
1264,8,30,21,0.35569592712892495,8,15.0
1538,10,28,20,0.3571636586690211,8,15.0
205,2,6,23,0.35963782719966675,8,15.0
1670,11,22,22,0.36048717457111634,8,15.0
1415,9,28,23,0.36136839370249185,8,15.0
307,2,25,17,0.36222998096486153,8,15.0
1316,9,10,20,0.3629671620792719,8,15.0
104,1,19,21,0.3636006482681984,8,15.0
781,5,14,18,0.3640579578871547,8,15.0
233,2,12,18,0.36425030386695667,8,15.0
287,2,22,19,0.3653035684091441,8,15.0
428,3,13,21,0.3674357334240699,8,15.0
160,1,29,22,0.3675124093051763,8,15.0
1900,12,27,17,0.3678651531799608,8,15.0
1742,12,3,23,0.36809691898486807,8,15.0
402,3,10,18,0.36840400601574586,8,15.0
522,3,28,21,0.3686876362845855,8,15.0
1228,8,23,22,0.3716752161747456,8,15.0
1768,12,7,16,0.3718099051411688,8,15.0
1343,9,14,19,0.37204696189189124,8,15.0
804,5,17,20,0.3735337688609112,8,15.0
1919,12,30,15,0.37383826304629997,8,15.0
1915,12,29,17,0.37417319713459735,8,15.0
1660,11,20,20,0.37484075015817564,8,15.0
1747,12,4,17,0.37567648948727966,8,15.0
812,5,19,17,0.3776838292363694,8,15.0
280,2,21,18,0.37879637601654065,8,15.0
1288,9,6,22,0.37882915179256366,8,15.0
1490,10,20,18,0.3790633205980017,8,15.0
1786,12,9,18,0.38053530902852334,8,15.0
1525,10,26,23,0.3805438014859208,8,15.0
1612,11,11,18,0.38210881200004143,2,16.0
484,3,22,19,0.3840605534325593,2,16.0
1829,12,16,23,0.3841093437221851,2,16.0
665,4,22,22,0.3842117406637524,2,16.0
1365,9,18,20,0.38423072402713626,2,16.0
1183,8,12,22,0.3854543520276363,2,16.0
1088,7,19,21,0.38560925667868573,2,16.0
43,1,8,22,0.3870497808676902,2,16.0
186,2,4,17,0.3875716899076319,2,16.0
1686,11,25,17,0.38869675989838637,2,16.0
1028,7,5,23,0.3889598544838357,2,16.0
1027,7,5,22,0.3891131627147702,2,16.0
710,4,28,22,0.3900223271312271,2,16.0
147,1,27,22,0.3929911168683381,2,16.0
1608,11,10,16,0.3930252944231574,2,16.0
1146,8,4,18,0.393279957240612,2,16.0
981,6,25,17,0.3933361725066533,2,16.0
612,4,14,19,0.39363554396964484,2,16.0
852,5,28,20,0.39373534395311405,2,16.0
1491,10,20,23,0.39487673683772556,2,16.0
1659,11,20,16,0.39544677610859547,2,16.0
585,4,8,22,0.3980838207267917,2,16.0
1497,10,21,16,0.3984051482953202,2,16.0
1124,7,28,18,0.3995923988915799,2,16.0
266,2,19,18,0.3998115608113843,2,16.0
1722,11,29,22,0.4003081703690633,2,16.0
548,4,2,23,0.4016749530735182,2,16.0
1205,8,18,23,0.40169271654616723,2,16.0
1128,7,29,20,0.4022508798334095,2,16.0
82,1,15,22,0.40436083050240657,2,16.0
619,4,15,21,0.40508718989838777,2,16.0
1721,11,29,20,0.4060777569431887,2,16.0
1502,10,22,21,0.406257457886343,2,16.0
109,1,21,23,0.4070907243089331,2,16.0
1727,12,1,18,0.407594238000148,2,16.0
649,4,20,22,0.4082691017532158,2,16.0
1812,12,13,23,0.4090714007804856,2,16.0
664,4,22,19,0.41040793626575,2,16.0
1359,9,17,21,0.4124879681932959,2,16.0
1486,10,18,23,0.41258484704197246,2,16.0
1003,7,1,21,0.4150831317768342,2,16.0
903,6,8,19,0.415371521606063,2,16.0
1074,7,16,19,0.415981819187935,2,16.0
75,1,14,20,0.4162575355064267,2,16.0
1017,7,3,19,0.41778311763973347,2,16.0
117,1,22,18,0.4178511281568468,2,16.0
904,6,8,22,0.41800145613877016,2,16.0
1292,9,7,23,0.4180930720822371,2,16.0
1852,12,20,20,0.4183495633453261,2,16.0
575,4,6,19,0.41849591583741697,2,16.0
1445,10,8,23,0.42015991923368096,2,16.0
203,2,6,17,0.42100982529773023,2,16.0
174,2,2,22,0.42122296863803393,2,16.0
1277,9,3,19,0.42127092806221567,2,16.0
1233,8,24,22,0.4213948286740227,2,16.0
1828,12,16,21,0.42258929025176545,2,16.0
1009,7,2,23,0.4227933717286701,2,16.0
1769,12,7,17,0.4231802829381884,2,16.0
919,6,11,21,0.4236476312975107,2,16.0
1307,9,9,21,0.42404482987808106,2,16.0
44,1,8,23,0.42524621550334807,2,16.0
1403,9,25,21,0.42526876601086694,2,16.0
569,4,5,21,0.42711092080496543,2,16.0
694,4,26,21,0.42750573710455186,2,16.0
1392,9,23,22,0.4289118163097863,2,16.0
346,3,3,19,0.43050379938014405,2,16.0
540,4,1,20,0.431296222666748,2,16.0
1461,10,12,17,0.4320410067409481,2,16.0
1551,11,1,22,0.43248436589499517,2,16.0
410,3,11,20,0.43329452865404894,2,16.0
1880,12,24,20,0.4341671423826051,2,16.0
1457,10,11,23,0.4345932878737474,2,16.0
1836,12,17,20,0.4353651467245376,2,16.0
1583,11,6,19,0.4371247272974582,2,16.0
823,5,21,20,0.4378780613352089,2,16.0
267,2,19,19,0.4382591716840895,2,16.0
1661,11,20,21,0.43846628817540273,2,16.0
418,3,12,21,0.4384711103745149,2,16.0
913,6,10,20,0.4388459273326606,2,16.0
155,1,28,19,0.4389529080156604,2,16.0
86,1,16,20,0.43918727174077504,2,16.0
1636,11,16,21,0.4404924567478712,2,16.0
703,4,27,21,0.44054299340388214,2,16.0
1544,10,30,18,0.44076989624773705,2,16.0
709,4,28,21,0.44138839061451457,2,16.0
854,5,28,23,0.44291748619261734,2,16.0
108,1,21,21,0.44319413120862927,2,16.0
1287,9,6,21,0.4433891041259273,2,16.0
1728,12,1,23,0.44529302060117015,2,16.0
88,1,16,22,0.44558375478182594,2,16.0
1905,12,28,16,0.44659684867742827,2,16.0
1032,7,6,22,0.44730215228060755,2,16.0
1878,12,24,16,0.44768559518616025,2,16.0
1679,11,24,18,0.4479113869922262,2,16.0
818,5,20,23,0.44808681665919614,2,16.0
42,1,8,20,0.44847177058817894,2,16.0
1597,11,8,23,0.4489368057030305,2,16.0
1385,9,22,17,0.4498775880159213,2,16.0
347,3,3,21,0.44998540519827696,2,16.0
118,1,22,20,0.4506005485116627,2,16.0
1539,10,28,22,0.4513297406759079,2,16.0
1596,11,8,22,0.4531344348242051,2,16.0
1398,9,24,23,0.45519788219185986,2,16.0
286,2,22,18,0.45681831957818303,2,16.0
1462,10,12,20,0.4576598519655961,2,16.0
1881,12,24,21,0.45887797974990485,2,16.0
677,4,23,22,0.4598435707003126,2,16.0
1771,12,7,21,0.46022063692023485,2,16.0
1793,12,10,19,0.46181809135044083,15,17.0
87,1,16,21,0.46281821489947994,15,17.0
1062,7,13,18,0.4654441339227729,15,17.0
1148,8,4,23,0.4657101335592643,15,17.0
1464,10,13,19,0.4676454737157704,15,17.0
1794,12,10,22,0.4684728522835323,15,17.0
1168,8,9,21,0.46904625575949965,15,17.0
1788,12,9,23,0.46911375951224965,15,17.0
1437,10,6,22,0.46936175902410204,15,17.0
1577,11,5,17,0.472099964669148,15,17.0
506,3,26,20,0.4725736241124413,15,17.0
878,6,3,20,0.4727694521981594,15,17.0
331,3,1,20,0.4743341199880051,15,17.0
590,4,9,22,0.47462579866341326,15,17.0
1901,12,27,18,0.47556026105647475,15,17.0
1674,11,23,19,0.47729708579707136,15,17.0
165,1,30,20,0.47815221305972644,15,17.0
1157,8,6,19,0.4798481705173839,15,17.0
248,2,14,19,0.4803955185885897,15,17.0
1811,12,13,20,0.48102318546266276,15,17.0
1129,7,29,22,0.4812240227378852,15,17.0
1859,12,21,20,0.48216440357897233,15,17.0
272,2,20,21,0.4832045454490223,15,17.0
1904,12,28,14,0.48398700000413974,15,17.0
853,5,28,21,0.4867418802656891,15,17.0
535,3,30,21,0.48779275633354924,15,17.0
1444,10,8,22,0.4889492183143,15,17.0
1410,9,27,23,0.4904765308043612,15,17.0
1578,11,5,21,0.4921464887247886,15,17.0
762,5,11,21,0.49274616093047147,15,17.0
1391,9,23,19,0.4932228699140555,15,17.0
1075,7,16,21,0.49510864544192584,15,17.0
204,2,6,20,0.49549817063299084,15,17.0
1147,8,4,19,0.49632356150691836,15,17.0
580,4,7,19,0.49638036936906965,15,17.0
1278,9,3,20,0.4964193383337954,15,17.0
1739,12,3,17,0.4973025007826207,15,17.0
173,2,2,20,0.49907227170045054,15,17.0
308,2,25,22,0.49966343992256673,15,17.0
1351,9,16,19,0.5044863764873442,15,17.0
1740,12,3,18,0.5102078356854254,15,17.0
197,2,5,19,0.5110448400234077,15,17.0
1267,9,1,20,0.5132310860927402,15,17.0
1442,10,7,17,0.5132562705377405,15,17.0
1864,12,22,21,0.5190538363552069,15,17.0
1770,12,7,19,0.5212303624473004,15,17.0
1465,10,13,20,0.5213781832893049,15,17.0
1176,8,11,22,0.5220529786706725,15,17.0
1595,11,8,21,0.5252129327453838,15,17.0
1100,7,22,22,0.5256338013639356,15,17.0
1603,11,9,22,0.5278811591726912,15,17.0
1008,7,2,21,0.5289525491304093,15,17.0
1872,12,23,18,0.5319810367381148,15,17.0
181,2,3,21,0.5356493687251698,15,17.0
1810,12,13,19,0.5361534153547309,15,17.0
1524,10,26,18,0.5373751781763759,15,17.0
1853,12,20,21,0.5420386979358446,15,17.0
1562,11,3,22,0.5425167502902506,15,17.0
187,2,4,20,0.5440802117315533,15,17.0
1436,10,6,19,0.5443003785858834,15,17.0
1907,12,28,22,0.5448428855653394,15,17.0
1468,10,14,19,0.5529247326869021,15,17.0
1675,11,23,21,0.5571562371470669,15,17.0
507,3,26,21,0.5672494520148034,7,18.0
1386,9,22,19,0.5782881106889942,7,18.0
1531,10,27,22,0.5823876657556996,7,18.0
1063,7,13,20,0.5857062019643134,7,18.0
1414,9,28,22,0.59012818357797,7,18.0
1687,11,25,21,0.5951681589742023,7,18.0
1741,12,3,20,0.5985886596789808,7,18.0
1381,9,21,21,0.6141445769074313,7,18.0
1471,10,15,19,0.6148863506653925,7,18.0
1787,12,9,19,0.6655786650056688,7,18.0
1920,12,30,18,0.6814666895968324,7,18.0
1906,12,28,19,0.7787255032311065,7,18.0
